cell_line,feature,escape_prone_cells,stable_tis_cells,escape_prone_mean,stable_tis_mean,mean_difference,absolute_mean_difference,mann_whitney_statistic,p_value,direction,adjusted_p_value
MCF7,repopulation_associated_potential,1102,9909,-0.026820543806517765,-1.0370494013916078,1.0102288575850902,1.0102288575850902,9969682.0,0.0,higher_in_escape_prone,0.0
MCF7,rap_score,1102,9909,-0.026820543806517758,-1.0370494013916078,1.0102288575850902,1.0102288575850902,9969682.0,0.0,higher_in_escape_prone,0.0
T47D,repopulation_associated_potential,2531,22778,0.13984086508008822,-0.8512424013509785,0.9910832664310667,0.9910832664310667,51323331.0,0.0,higher_in_escape_prone,0.0
T47D,rap_score,2531,22778,0.13984086508008825,-0.8512424013509785,0.9910832664310667,0.9910832664310667,51323331.0,0.0,higher_in_escape_prone,0.0
T47D,pathway__e2f_targets,2531,22778,-0.006495655612605114,-0.21761872956989303,0.2111230739572879,0.2111230739572879,39182261.0,7.590230836796101e-194,higher_in_escape_prone,4.554138502077662e-193
T47D,pathway__myc_targets_v1,2531,22778,-0.15006101930019122,-0.2772337307951744,0.12717271149498316,0.12717271149498316,37795839.0,6.222460481249396e-146,higher_in_escape_prone,2.8001072165622285e-145
T47D,pathway__g2_m_checkpoint,2531,22778,-0.015866179755370368,-0.199654708663752,0.18378852890838165,0.18378852890838165,37355853.0,3.685518810896929e-132,higher_in_escape_prone,1.3267867719228946e-131
MCF7,pathway__myc_targets_v1,1102,9909,0.158426186484112,-0.020535502330073535,0.17896168881418553,0.17896168881418553,7835401.0,1.7299932549085433e-124,higher_in_escape_prone,1.037995952945126e-123
MCF7,pathway__mitochondrial_translation_initiation_r_hsa_5368286,1102,9909,0.004452782655062589,-0.12378353106418165,0.12823631371924424,0.12823631371924424,7642814.0,1.989871805143774e-105,higher_in_escape_prone,7.163538498517586e-105
MCF7,pathway__mrna_splicing_r_hsa_72172,1102,9909,0.018790214404304936,-0.09660562129432056,0.11539583569862549,0.11539583569862549,7642995.0,1.9127767967329536e-105,higher_in_escape_prone,7.163538498517586e-105
MCF7,pathway__mitochondrial_translation_r_hsa_5368287,1102,9909,0.007524837050019767,-0.12023445505021535,0.12775929210023512,0.12775929210023512,7640655.0,3.1872266451824646e-105,higher_in_escape_prone,9.561679935547395e-105
MCF7,pathway__mitochondrial_translation_elongation_r_hsa_5389840,1102,9909,0.0051879690781922744,-0.12324799792447767,0.12843596700266996,0.12843596700266996,7632836.0,1.748468931353016e-104,higher_in_escape_prone,4.496062966336327e-104
MCF7,pathway__mitochondrial_translation_termination_r_hsa_5419276,1102,9909,0.0007241067107059044,-0.12645003715038378,0.1271741438610897,0.1271741438610897,7631172.0,2.5097996956433475e-104,higher_in_escape_prone,5.647049315197532e-104
MCF7,pathway__mrna_splicing_major_pathway_r_hsa_72163,1102,9909,0.0210525649207698,-0.09587751255323394,0.11693007747400375,0.11693007747400375,7626302.0,7.217469438059106e-104,higher_in_escape_prone,1.4434938876118212e-103
MCF7,pathway__processing_of_capped_intron_containing_pre_mrna_r_hsa_72203,1102,9909,0.020170080855814555,-0.09086682903277025,0.1110369098885848,0.1110369098885848,7615928.0,6.79483325638808e-103,higher_in_escape_prone,1.2230699861498544e-102
T47D,pathway__processing_of_capped_intron_containing_pre_mrna_r_hsa_72203,2531,22778,-0.08666029428725595,-0.16376689332844788,0.07710659904119192,0.07710659904119192,36165872.0,2.279484379512515e-98,higher_in_escape_prone,6.838453138537545e-98
T47D,pathway__mrna_splicing_r_hsa_72172,2531,22778,-0.08514292161441955,-0.1631588977808377,0.07801597616641814,0.07801597616641814,35714733.0,7.066901595564314e-87,higher_in_escape_prone,1.8172032674308237e-86
T47D,pathway__mrna_splicing_major_pathway_r_hsa_72163,2531,22778,-0.0883079409282527,-0.16660996015801682,0.07830201922976412,0.07830201922976412,35676681.0,6.0999500323927995e-86,higher_in_escape_prone,1.37248875728838e-85
MCF7,pathway__e2f_targets,1102,9909,-0.06964408761870008,-0.2659403509914691,0.19629626337276904,0.19629626337276904,7091870.0,9.354817409133201e-60,higher_in_escape_prone,1.5307883033127054e-59
T47D,regulator__E2F1,2531,22778,0.25280245777315324,-0.07197595660387836,0.3247784143770316,0.3247784143770316,32229969.0,2.411910419108836e-44,higher_in_escape_prone,4.823820838217672e-44
T47D,regulator__JUN,2531,22778,-0.28967785944688296,0.006930070458072493,-0.29660792990495544,0.29660792990495544,24109434.0,1.0393228719239378e-43,lower_in_escape_prone,1.8707811694630878e-43
MCF7,pathway__g2_m_checkpoint,1102,9909,-0.07557015456683858,-0.25732168414990736,0.18175152958306878,0.18175152958306878,6776064.0,1.7365538645891543e-39,higher_in_escape_prone,2.6048307968837316e-39
MCF7,regulator__JUN,1102,9909,0.24796763641553596,0.5800058137738097,-0.3320381773582737,0.3320381773582737,4308220.5,1.1347846950034087e-30,lower_in_escape_prone,1.5712403469277967e-30
MCF7,regulator__STAT3,1102,9909,-0.40040055080034354,-0.11539970176328561,-0.2850008490370579,0.2850008490370579,4400359.5,1.6684639365701807e-26,lower_in_escape_prone,2.1451679184473753e-26
T47D,pathway__mitochondrial_translation_termination_r_hsa_5419276,2531,22778,-0.09691514928179973,-0.14026513352134892,0.043349984239549194,0.043349984239549194,32281827.0,3.703010844608983e-23,higher_in_escape_prone,6.059472291178335e-23
T47D,pathway__mitochondrial_translation_initiation_r_hsa_5368286,2531,22778,-0.09913719273277019,-0.14237723465484076,0.043240041922070566,0.043240041922070566,32251911.0,8.708753596461686e-23,higher_in_escape_prone,1.306313039469253e-22
T47D,pathway__mitochondrial_translation_r_hsa_5368287,2531,22778,-0.10234122179837128,-0.14484302542560568,0.042501803627234394,0.042501803627234394,32229989.0,1.622196838453979e-22,higher_in_escape_prone,2.246118699397817e-22
T47D,pathway__mitochondrial_translation_elongation_r_hsa_5389840,2531,22778,-0.10124913240379232,-0.14353255756282085,0.042283425159028526,0.042283425159028526,32159359.0,1.1720025157055986e-21,higher_in_escape_prone,1.5068603773357697e-21
T47D,regulator__MYC,2531,22778,-0.7056274613771175,-0.5948884466803585,-0.11073901469675906,0.11073901469675906,26579856.0,8.950786773902652e-14,lower_in_escape_prone,1.0740944128683182e-13
T47D,regulator__STAT3,2531,22778,0.2657408269151768,0.42219557091548,-0.15645474400030318,0.15645474400030318,26485710.0,1.53589536149441e-11,lower_in_escape_prone,1.7278822816812113e-11
MCF7,regulator__FOS,1102,9909,0.5692879608759639,0.7440976995424361,-0.1748097386664722,0.1748097386664722,4820983.0,1.720834526953589e-10,lower_in_escape_prone,2.0650014323443069e-10
MCF7,regulator__E2F1,1102,9909,-0.20301416069075656,-0.3120550860360045,0.10904092534524795,0.10904092534524795,5767286.0,2.7013229037649227e-07,higher_in_escape_prone,3.038988266735538e-07
MCF7,regulator__MYC,1102,9909,0.7743450965716905,0.8897206851298823,-0.11537558855819185,0.11537558855819185,5105586.5,0.00040108823819915215,lower_in_escape_prone,0.00042468166397557287
T47D,regulator__TP53,2531,22778,-0.2376314922050806,-0.3010986222489919,0.06346713004391133,0.06346713004391133,29339204.0,0.053905439329317156,higher_in_escape_prone,0.057076347525159346
T47D,regulator__FOS,2531,22778,-0.4816092286235921,-0.4777926398088812,-0.0038165888147109195,0.0038165888147109195,28546324.0,0.35491441993421446,lower_in_escape_prone,0.35491441993421446
MCF7,regulator__TP53,1102,9909,0.1941228420460893,0.168777784574365,0.025345057471724303,0.025345057471724303,5535430.0,0.43088070576107174,higher_in_escape_prone,0.43088070576107174
