cell_line,gene,escape_prone_mean,stable_tis_mean,log_fold_change,absolute_log_fold_change,mann_whitney_statistic,p_value,adjusted_p_value,direction
MCF7,BCAS1,0.8650888800621033,1.6217100620269775,-0.7566211819648743,0.7566211819648743,3069692.5,0.0,0.0,lower_in_escape_prone
MCF7,KRT80,0.7716127038002014,1.4533591270446777,-0.6817464232444763,0.6817464232444763,2546866.5,0.0,0.0,lower_in_escape_prone
MCF7,GPRC5A,0.41286036372184753,1.071724534034729,-0.6588641405105591,0.6588641405105591,2737125.5,0.0,0.0,lower_in_escape_prone
MCF7,SYTL2,1.5296236276626587,2.1882734298706055,-0.6586498022079468,0.6586498022079468,2885428.5,0.0,0.0,lower_in_escape_prone
MCF7,MYO1B,0.7707940936088562,1.415637731552124,-0.6448436379432678,0.6448436379432678,2717339.5,0.0,0.0,lower_in_escape_prone
MCF7,TACSTD2,1.5631396770477295,2.192923069000244,-0.6297833919525146,0.6297833919525146,2835306.0,0.0,0.0,lower_in_escape_prone
MCF7,CD24,1.1100915670394897,1.710113763809204,-0.6000221967697144,0.6000221967697144,3012013.5,0.0,0.0,lower_in_escape_prone
MCF7,ZFP36L2,0.5925030708312988,1.1824474334716797,-0.5899443626403809,0.5899443626403809,3155012.5,0.0,0.0,lower_in_escape_prone
MCF7,ZNF217,1.541142463684082,2.1247377395629883,-0.5835952758789062,0.5835952758789062,3106789.5,0.0,0.0,lower_in_escape_prone
MCF7,BMP7,1.0654079914093018,1.6489934921264648,-0.5835855007171631,0.5835855007171631,3491779.0,0.0,0.0,lower_in_escape_prone
MCF7,CLDN4,2.1454856395721436,2.727489709854126,-0.5820040702819824,0.5820040702819824,2836739.0,0.0,0.0,lower_in_escape_prone
MCF7,MKI67,0.9154386520385742,0.34065544605255127,0.574783205986023,0.574783205986023,7027978.5,0.0,0.0,higher_in_escape_prone
MCF7,SPTSSB,1.1626595258712769,1.7204173803329468,-0.5577578544616699,0.5577578544616699,3670521.0,0.0,0.0,lower_in_escape_prone
MCF7,ITGB6,0.1738322675228119,0.7061823010444641,-0.5323500633239746,0.5323500633239746,3227523.5,0.0,0.0,lower_in_escape_prone
MCF7,SOX4,1.5689209699630737,2.095987558364868,-0.5270665884017944,0.5270665884017944,3320616.5,0.0,0.0,lower_in_escape_prone
MCF7,H2AZ1,1.7001662254333496,1.1783685684204102,0.5217976570129395,0.5217976570129395,7183733.0,0.0,0.0,higher_in_escape_prone
MCF7,S100A10,2.1345291137695312,2.653761625289917,-0.5192325115203857,0.5192325115203857,2773040.5,0.0,0.0,lower_in_escape_prone
MCF7,KLF6,0.7793152928352356,1.2959991693496704,-0.5166838765144348,0.5166838765144348,3468826.0,0.0,0.0,lower_in_escape_prone
MCF7,SLC39A6,2.512436628341675,1.9977374076843262,0.5146992206573486,0.5146992206573486,7396474.5,0.0,0.0,higher_in_escape_prone
MCF7,FLNA,1.4179068803787231,1.9301146268844604,-0.5122077465057373,0.5122077465057373,3155317.0,0.0,0.0,lower_in_escape_prone
MCF7,VMP1,2.009650230407715,2.5218193531036377,-0.5121691226959229,0.5121691226959229,3243970.5,0.0,0.0,lower_in_escape_prone
MCF7,TOP2A,0.9023925065994263,0.39554086327552795,0.5068516731262207,0.5068516731262207,6688404.0,0.0,0.0,higher_in_escape_prone
MCF7,ANXA2,2.1016898155212402,2.606694221496582,-0.5050044059753418,0.5050044059753418,2768053.0,0.0,0.0,lower_in_escape_prone
MCF7,PMEPA1,0.49073678255081177,0.9945253729820251,-0.5037885904312134,0.5037885904312134,3144085.5,0.0,0.0,lower_in_escape_prone
MCF7,CCN1,1.0368300676345825,1.528818964958191,-0.4919888973236084,0.4919888973236084,3581729.5,0.0,0.0,lower_in_escape_prone
MCF7,COX6C,3.029353618621826,2.551006317138672,0.4783473014831543,0.4783473014831543,7539034.5,0.0,0.0,higher_in_escape_prone
MCF7,SAT1,0.8228607773780823,1.2993688583374023,-0.47650808095932007,0.47650808095932007,3593500.0,0.0,0.0,lower_in_escape_prone
MCF7,ATF3,0.49142229557037354,0.9543826580047607,-0.4629603624343872,0.4629603624343872,3480094.0,0.0,0.0,lower_in_escape_prone
MCF7,BTG1,1.0329450368881226,1.4916244745254517,-0.4586794376373291,0.4586794376373291,3529470.0,0.0,0.0,lower_in_escape_prone
MCF7,TUBA1B,2.3886983394622803,1.9371458292007446,0.45155251026153564,0.45155251026153564,6984945.5,0.0,0.0,higher_in_escape_prone
MCF7,TPX2,0.7954819202423096,0.3555048704147339,0.4399770498275757,0.4399770498275757,6759029.0,0.0,0.0,higher_in_escape_prone
MCF7,SKIL,0.9147273302078247,1.3545840978622437,-0.43985676765441895,0.43985676765441895,3374598.0,0.0,0.0,lower_in_escape_prone
MCF7,TUBA1A,0.6790165305137634,1.1121388673782349,-0.43312233686447144,0.43312233686447144,3664036.0,0.0,0.0,lower_in_escape_prone
MCF7,ZDHHC7,0.6017360091209412,1.030031442642212,-0.42829543352127075,0.42829543352127075,3381864.0,0.0,0.0,lower_in_escape_prone
MCF7,PAWR,1.127879023551941,1.5556498765945435,-0.42777085304260254,0.42777085304260254,3328543.0,0.0,0.0,lower_in_escape_prone
MCF7,JUNB,1.0986955165863037,1.5220024585723877,-0.423306941986084,0.423306941986084,3591482.0,0.0,0.0,lower_in_escape_prone
MCF7,MYH9,0.9123777747154236,1.327789068222046,-0.4154112935066223,0.4154112935066223,3459287.0,0.0,0.0,lower_in_escape_prone
MCF7,TNFRSF12A,1.213436245918274,1.625673770904541,-0.4122375249862671,0.4122375249862671,3334350.5,0.0,0.0,lower_in_escape_prone
MCF7,ENC1,0.3798607587814331,0.7915908098220825,-0.4117300510406494,0.4117300510406494,3521932.5,0.0,0.0,lower_in_escape_prone
MCF7,CENPF,0.673957347869873,0.2631514370441437,0.41080591082572937,0.41080591082572937,6743611.5,0.0,0.0,higher_in_escape_prone
MCF7,CAV1,0.30445921421051025,0.7136889100074768,-0.40922969579696655,0.40922969579696655,4063466.5,0.0,0.0,lower_in_escape_prone
MCF7,INHBB,0.799691915512085,1.2009916305541992,-0.40129971504211426,0.40129971504211426,3909819.5,0.0,0.0,lower_in_escape_prone
MCF7,GSN,0.3533990979194641,0.7521862983703613,-0.3987872004508972,0.3987872004508972,3451725.0,0.0,0.0,lower_in_escape_prone
MCF7,PTTG1,0.5307939648628235,0.137060284614563,0.3937336802482605,0.3937336802482605,7015502.0,0.0,0.0,higher_in_escape_prone
MCF7,MYL12A,2.6668648719787598,3.059743642807007,-0.39287877082824707,0.39287877082824707,3084047.0,0.0,0.0,lower_in_escape_prone
MCF7,ELF3,0.8374166488647461,1.2258756160736084,-0.3884589672088623,0.3884589672088623,3770332.0,0.0,0.0,lower_in_escape_prone
MCF7,ANP32E,0.7888937592506409,0.40163591504096985,0.387257844209671,0.387257844209671,7108930.0,0.0,0.0,higher_in_escape_prone
MCF7,PRSS23,1.1613574028015137,1.547503113746643,-0.3861457109451294,0.3861457109451294,3940420.0,0.0,0.0,lower_in_escape_prone
MCF7,ERRFI1,0.40049323439598083,0.7849829196929932,-0.38448968529701233,0.38448968529701233,3676444.0,0.0,0.0,lower_in_escape_prone
MCF7,RDX,0.6341812014579773,1.017432451248169,-0.38325124979019165,0.38325124979019165,3865915.0,0.0,0.0,lower_in_escape_prone
MCF7,PCLAF,0.8262238502502441,0.44333937764167786,0.3828844726085663,0.3828844726085663,6859106.5,0.0,0.0,higher_in_escape_prone
MCF7,MALAT1,5.2886576652526855,5.670364856719971,-0.38170719146728516,0.38170719146728516,3728842.5,0.0,0.0,lower_in_escape_prone
MCF7,NRCAM,0.895844042301178,1.2762738466262817,-0.38042980432510376,0.38042980432510376,3842583.5,0.0,0.0,lower_in_escape_prone
MCF7,ID3,1.07740318775177,1.457367181777954,-0.3799639940261841,0.3799639940261841,3791932.5,0.0,0.0,lower_in_escape_prone
MCF7,TACC1,0.4914569556713104,0.8709754943847656,-0.3795185387134552,0.3795185387134552,3625660.0,0.0,0.0,lower_in_escape_prone
MCF7,RND1,0.25046950578689575,0.6287974715232849,-0.37832796573638916,0.37832796573638916,3665172.0,0.0,0.0,lower_in_escape_prone
MCF7,SMC4,0.9021329283714294,0.5296313762664795,0.37250155210494995,0.37250155210494995,6893289.0,0.0,0.0,higher_in_escape_prone
MCF7,ZFP36L1,0.9034526944160461,1.275483250617981,-0.3720305562019348,0.3720305562019348,3789208.0,0.0,0.0,lower_in_escape_prone
MCF7,KTN1,1.8593716621398926,2.230623960494995,-0.37125229835510254,0.37125229835510254,3493955.0,0.0,0.0,lower_in_escape_prone
MCF7,CCNB1,0.638857901096344,0.28003695607185364,0.35882094502449036,0.35882094502449036,6699605.0,0.0,0.0,higher_in_escape_prone
MCF7,KLF10,0.9644570350646973,1.3225643634796143,-0.358107328414917,0.358107328414917,3797270.0,0.0,0.0,lower_in_escape_prone
MCF7,HMGN2,1.759110689163208,1.4056450128555298,0.3534656763076782,0.3534656763076782,7208235.5,0.0,0.0,higher_in_escape_prone
MCF7,L1CAM,0.16529005765914917,0.5168535709381104,-0.3515635132789612,0.3515635132789612,3512117.5,0.0,0.0,lower_in_escape_prone
MCF7,HSPD1,2.195729970932007,1.844833493232727,0.3508964776992798,0.3508964776992798,7478657.5,0.0,0.0,higher_in_escape_prone
MCF7,HMGB1,1.9778296947479248,1.6269944906234741,0.3508352041244507,0.3508352041244507,7176943.0,0.0,0.0,higher_in_escape_prone
MCF7,TMSB4X,1.6973888874053955,2.0476090908050537,-0.3502202033996582,0.3502202033996582,3834767.0,0.0,0.0,lower_in_escape_prone
MCF7,CLDN1,0.10392145067453384,0.4537702202796936,-0.34984877705574036,0.34984877705574036,3661089.0,0.0,0.0,lower_in_escape_prone
MCF7,HNRNPA2B1,2.663440704345703,2.313721179962158,0.3497195243835449,0.3497195243835449,7748023.0,0.0,0.0,higher_in_escape_prone
MCF7,UBE2S,0.7720136642456055,0.4223901331424713,0.34962353110313416,0.34962353110313416,6820759.0,0.0,0.0,higher_in_escape_prone
MCF7,WSB1,0.9204750657081604,1.2659761905670166,-0.3455011248588562,0.3455011248588562,3891427.0,0.0,0.0,lower_in_escape_prone
MCF7,PRR11,0.48478326201438904,0.14268840849399567,0.3420948386192322,0.3420948386192322,6865180.5,0.0,0.0,higher_in_escape_prone
MCF7,MAN2A1,0.6158101558685303,0.9577817320823669,-0.34197157621383667,0.34197157621383667,3785702.0,0.0,0.0,lower_in_escape_prone
MCF7,LMO7,0.13535794615745544,0.4737318456172943,-0.33837389945983887,0.33837389945983887,3880537.0,0.0,0.0,lower_in_escape_prone
MCF7,NEAT1,2.5238912105560303,2.8605799674987793,-0.336688756942749,0.336688756942749,4017439.5,0.0,0.0,lower_in_escape_prone
MCF7,CBX5,0.9584289789199829,0.6218404173851013,0.3365885615348816,0.3365885615348816,7047979.0,0.0,0.0,higher_in_escape_prone
MCF7,SMYD2,0.29671940207481384,0.6325072050094604,-0.3357878029346466,0.3357878029346466,3709523.0,0.0,0.0,lower_in_escape_prone
MCF7,KDM5B,1.4389512538909912,1.7706547975540161,-0.3317035436630249,0.3317035436630249,3716188.5,0.0,0.0,lower_in_escape_prone
MCF7,EFNA1,0.5170676708221436,0.8473628759384155,-0.330295205116272,0.330295205116272,3812708.0,0.0,0.0,lower_in_escape_prone
MCF7,SMAD3,0.31611764430999756,0.6458972096443176,-0.32977956533432007,0.32977956533432007,3786599.0,0.0,0.0,lower_in_escape_prone
MCF7,TMSB10,2.797379493713379,3.1247880458831787,-0.3274085521697998,0.3274085521697998,3497220.0,0.0,0.0,lower_in_escape_prone
MCF7,SULF2,1.7631676197052002,2.0898544788360596,-0.3266868591308594,0.3266868591308594,3642023.5,0.0,0.0,lower_in_escape_prone
MCF7,ANXA3,0.160526841878891,0.4857860207557678,-0.32525917887687683,0.32525917887687683,3650896.5,0.0,0.0,lower_in_escape_prone
MCF7,CENPE,0.4918626546859741,0.16722476482391357,0.32463788986206055,0.32463788986206055,6589289.0,0.0,0.0,higher_in_escape_prone
MCF7,BIRC5,0.46915358304977417,0.1452244371175766,0.3239291310310364,0.3239291310310364,6956261.5,0.0,0.0,higher_in_escape_prone
MCF7,BHLHE40,0.7154215574264526,1.0366029739379883,-0.32118141651153564,0.32118141651153564,3979115.0,0.0,0.0,lower_in_escape_prone
MCF7,NUCKS1,3.248817205429077,2.9284729957580566,0.3203442096710205,0.3203442096710205,7495786.5,0.0,0.0,higher_in_escape_prone
MCF7,CDKN2B,0.09660574793815613,0.4144837260246277,-0.31787797808647156,0.31787797808647156,3779897.5,0.0,0.0,lower_in_escape_prone
MCF7,KRT7,0.262267142534256,0.5795910954475403,-0.3173239529132843,0.3173239529132843,3834398.0,0.0,0.0,lower_in_escape_prone
MCF7,CLTB,1.0305455923080444,1.3468053340911865,-0.3162597417831421,0.3162597417831421,3891562.5,0.0,0.0,lower_in_escape_prone
MCF7,S100A11,1.60844087600708,1.9242501258850098,-0.3158092498779297,0.3158092498779297,3710908.0,0.0,0.0,lower_in_escape_prone
MCF7,DLGAP5,0.4619504511356354,0.1470102220773697,0.3149402141571045,0.3149402141571045,6718312.0,0.0,0.0,higher_in_escape_prone
MCF7,DAAM1,1.2148360013961792,1.5271506309509277,-0.31231462955474854,0.31231462955474854,3909407.0,0.0,0.0,lower_in_escape_prone
MCF7,TNFRSF11B,0.1643710434436798,0.47643786668777466,-0.31206682324409485,0.31206682324409485,4105377.5,0.0,0.0,lower_in_escape_prone
MCF7,CADM1,0.5527172684669495,0.8638435006141663,-0.3111262321472168,0.3111262321472168,3935535.5,0.0,0.0,lower_in_escape_prone
MCF7,GADD45B,0.668788492679596,0.9792693853378296,-0.31048089265823364,0.31048089265823364,3991499.0,0.0,0.0,lower_in_escape_prone
MCF7,PAPSS2,0.27133673429489136,0.5808820128440857,-0.30954527854919434,0.30954527854919434,3991790.0,0.0,0.0,lower_in_escape_prone
MCF7,ASPM,0.4687502682209015,0.16129255294799805,0.30745771527290344,0.30745771527290344,6565755.5,0.0,0.0,higher_in_escape_prone
MCF7,INPP4B,0.9613351821899414,1.2686389684677124,-0.307303786277771,0.307303786277771,3971310.5,0.0,0.0,lower_in_escape_prone
MCF7,HMMR,0.4233010709285736,0.11637742072343826,0.30692365765571594,0.30692365765571594,6681051.5,0.0,0.0,higher_in_escape_prone
MCF7,S100A6,0.3607475161552429,0.6632170081138611,-0.30246949195861816,0.30246949195861816,3962920.0,0.0,0.0,lower_in_escape_prone
T47D,TOP2A,2.084256410598755,1.198117733001709,0.8861386775970459,0.8861386775970459,40034912.0,0.0,0.0,higher_in_escape_prone
T47D,CENPF,1.8897881507873535,1.1605238914489746,0.7292642593383789,0.7292642593383789,39103776.0,0.0,0.0,higher_in_escape_prone
T47D,TUBA1B,2.6316425800323486,2.0273122787475586,0.60433030128479,0.60433030128479,40225848.0,0.0,0.0,higher_in_escape_prone
T47D,TPX2,1.3050397634506226,0.7662144899368286,0.538825273513794,0.538825273513794,37629048.0,0.0,0.0,higher_in_escape_prone
T47D,PTTG1,0.9429578185081482,0.43485838174819946,0.5080994367599487,0.5080994367599487,37663176.0,0.0,0.0,higher_in_escape_prone
T47D,CDK1,1.0890392065048218,0.6005407571792603,0.4884984493255615,0.4884984493255615,36687784.0,0.0,0.0,higher_in_escape_prone
T47D,MKI67,0.9800567626953125,0.49375906586647034,0.48629769682884216,0.48629769682884216,37184216.0,0.0,0.0,higher_in_escape_prone
T47D,ARL6IP1,1.8153719902038574,1.334704875946045,0.4806671142578125,0.4806671142578125,37264240.0,0.0,0.0,higher_in_escape_prone
T47D,CCNB1,1.03341543674469,0.556291401386261,0.47712403535842896,0.47712403535842896,36648192.0,0.0,0.0,higher_in_escape_prone
T47D,SMC4,1.8196980953216553,1.355318546295166,0.46437954902648926,0.46437954902648926,37592656.0,0.0,0.0,higher_in_escape_prone
T47D,SAT1,1.2064012289047241,1.6544404029846191,-0.448039174079895,0.448039174079895,20194914.0,0.0,0.0,lower_in_escape_prone
T47D,HMMR,0.8186183571815491,0.37191829085350037,0.4467000663280487,0.4467000663280487,36811016.0,0.0,0.0,higher_in_escape_prone
T47D,IFIT1,0.9736571311950684,1.4177836179733276,-0.4441264867782593,0.4441264867782593,21158174.0,0.0,0.0,lower_in_escape_prone
T47D,BIRC5,0.8635434508323669,0.42477935552597046,0.4387640953063965,0.4387640953063965,36830144.0,0.0,0.0,higher_in_escape_prone
T47D,KPNA2,1.337295651435852,0.9044007062911987,0.4328949451446533,0.4328949451446533,36171608.0,0.0,0.0,higher_in_escape_prone
T47D,UBE2C,0.7882495522499084,0.3672751784324646,0.42097437381744385,0.42097437381744385,36431576.0,0.0,0.0,higher_in_escape_prone
T47D,STMN1,1.2814922332763672,0.8613946437835693,0.42009758949279785,0.42009758949279785,36759072.0,0.0,0.0,higher_in_escape_prone
T47D,AURKA,0.9899427890777588,0.5725292563438416,0.41741353273391724,0.41741353273391724,35811056.0,0.0,0.0,higher_in_escape_prone
T47D,HMGB2,0.9063419103622437,0.4929596781730652,0.41338223218917847,0.41338223218917847,36428776.0,0.0,0.0,higher_in_escape_prone
T47D,NEAT1,2.8059351444244385,3.2192370891571045,-0.413301944732666,0.413301944732666,19242526.0,0.0,0.0,lower_in_escape_prone
T47D,TUBB4B,2.220571517944336,1.80912446975708,0.41144704818725586,0.41144704818725586,37992096.0,0.0,0.0,higher_in_escape_prone
T47D,CLU,2.3638813495635986,2.7615859508514404,-0.3977046012878418,0.3977046012878418,20323032.0,0.0,0.0,lower_in_escape_prone
T47D,PCLAF,0.8414413928985596,0.45152437686920166,0.3899170160293579,0.3899170160293579,36134144.0,0.0,0.0,higher_in_escape_prone
T47D,SOX4,1.0576368570327759,1.4460586309432983,-0.38842177391052246,0.38842177391052246,21365444.0,0.0,0.0,lower_in_escape_prone
T47D,H2AZ1,1.6582224369049072,1.2748539447784424,0.38336849212646484,0.38336849212646484,36697656.0,0.0,0.0,higher_in_escape_prone
T47D,APOD,0.8959282636642456,1.2780265808105469,-0.38209831714630127,0.38209831714630127,21917930.0,0.0,0.0,lower_in_escape_prone
T47D,ASPM,0.8492162227630615,0.4672797620296478,0.3819364607334137,0.3819364607334137,35802952.0,0.0,0.0,higher_in_escape_prone
T47D,CDKN3,0.7872053384780884,0.4130015969276428,0.37420374155044556,0.37420374155044556,35925736.0,0.0,0.0,higher_in_escape_prone
T47D,DLGAP5,0.7093992233276367,0.33630138635635376,0.37309783697128296,0.37309783697128296,36005856.0,0.0,0.0,higher_in_escape_prone
T47D,CEP55,0.7097262740135193,0.33918195962905884,0.37054431438446045,0.37054431438446045,36091960.0,0.0,0.0,higher_in_escape_prone
T47D,GPNMB,0.47731488943099976,0.8466809988021851,-0.3693661093711853,0.3693661093711853,21674078.0,0.0,0.0,lower_in_escape_prone
T47D,ANLN,0.9207220077514648,0.5560387372970581,0.36468327045440674,0.36468327045440674,35442976.0,0.0,0.0,higher_in_escape_prone
T47D,BCAS1,0.39576753973960876,0.7551829218864441,-0.3594153821468353,0.3594153821468353,21384122.0,0.0,0.0,lower_in_escape_prone
T47D,DHTKD1,1.1387418508529663,0.7968875765800476,0.3418542742729187,0.3418542742729187,36011992.0,0.0,0.0,higher_in_escape_prone
T47D,CKS2,1.0824086666107178,0.7434501051902771,0.3389585614204407,0.3389585614204407,35096792.0,0.0,0.0,higher_in_escape_prone
T47D,HMGB1,1.3072268962860107,0.983068585395813,0.32415831089019775,0.32415831089019775,35956968.0,0.0,0.0,higher_in_escape_prone
T47D,TACSTD2,1.8318088054656982,2.1556057929992676,-0.32379698753356934,0.32379698753356934,21336006.0,0.0,0.0,lower_in_escape_prone
T47D,INHBB,0.6757720112800598,0.9981231689453125,-0.3223511576652527,0.3223511576652527,22376698.0,0.0,0.0,lower_in_escape_prone
T47D,NEK2,0.6344344615936279,0.31572699546813965,0.3187074661254883,0.3187074661254883,34972528.0,0.0,0.0,higher_in_escape_prone
T47D,ISG15,0.6034983396530151,0.917630136013031,-0.31413179636001587,0.31413179636001587,22901858.0,0.0,0.0,lower_in_escape_prone
T47D,TUBA1C,1.611952781677246,1.298238754272461,0.31371402740478516,0.31371402740478516,35658176.0,0.0,0.0,higher_in_escape_prone
T47D,DEK,1.4079951047897339,1.0961031913757324,0.31189191341400146,0.31189191341400146,35461616.0,0.0,0.0,higher_in_escape_prone
T47D,SPAG5,0.5847707390785217,0.275504469871521,0.30926626920700073,0.30926626920700073,35361200.0,0.0,0.0,higher_in_escape_prone
T47D,ECT2,1.062337040901184,0.7536489963531494,0.30868804454803467,0.30868804454803467,35031504.0,0.0,0.0,higher_in_escape_prone
T47D,CKS1B,0.911618709564209,0.6033068299293518,0.3083118796348572,0.3083118796348572,35065848.0,0.0,0.0,higher_in_escape_prone
T47D,CLDN1,0.8935480117797852,1.2017616033554077,-0.30821359157562256,0.30821359157562256,23385914.0,0.0,0.0,lower_in_escape_prone
T47D,HNRNPA2B1,2.904338836669922,2.5961718559265137,0.3081669807434082,0.3081669807434082,38761272.0,0.0,0.0,higher_in_escape_prone
T47D,CBX5,1.0266573429107666,0.7188540697097778,0.30780327320098877,0.30780327320098877,35243816.0,0.0,0.0,higher_in_escape_prone
T47D,PRR11,0.5543562769889832,0.24811574816703796,0.3062405288219452,0.3062405288219452,35292488.0,0.0,0.0,higher_in_escape_prone
T47D,TUBB,1.7031230926513672,1.3977737426757812,0.30534934997558594,0.30534934997558594,35672904.0,0.0,0.0,higher_in_escape_prone
T47D,NUF2,0.5209653973579407,0.21722200512886047,0.3037433922290802,0.3037433922290802,35448320.0,0.0,0.0,higher_in_escape_prone
T47D,PLK1,0.5193743705749512,0.2181878238916397,0.30118656158447266,0.30118656158447266,34927872.0,0.0,0.0,higher_in_escape_prone
T47D,TACC3,0.6742864847183228,0.3739871680736542,0.3002993166446686,0.3002993166446686,34700504.0,0.0,0.0,higher_in_escape_prone
T47D,ANP32E,0.8912878036499023,0.5930749773979187,0.29821282625198364,0.29821282625198364,35050816.0,0.0,0.0,higher_in_escape_prone
T47D,KIF20B,0.9233564138412476,0.6268944144248962,0.2964619994163513,0.2964619994163513,34464920.0,0.0,0.0,higher_in_escape_prone
T47D,TK1,0.7215803265571594,0.42755791544914246,0.29402241110801697,0.29402241110801697,34630480.0,0.0,0.0,higher_in_escape_prone
T47D,KIF14,0.4994204640388489,0.20695838332176208,0.2924620807170868,0.2924620807170868,34970224.0,0.0,0.0,higher_in_escape_prone
T47D,PTMA,2.859668493270874,2.5688154697418213,0.29085302352905273,0.29085302352905273,37519888.0,0.0,0.0,higher_in_escape_prone
T47D,SMC2,1.104305624961853,0.8192507028579712,0.28505492210388184,0.28505492210388184,34585712.0,0.0,0.0,higher_in_escape_prone
T47D,CDC20,0.5147665739059448,0.23116430640220642,0.2836022675037384,0.2836022675037384,34611216.0,0.0,0.0,higher_in_escape_prone
T47D,VMP1,1.0760810375213623,1.3579996824264526,-0.28191864490509033,0.28191864490509033,22850968.0,0.0,0.0,lower_in_escape_prone
T47D,ZWINT,0.7070888876914978,0.4287722110748291,0.2783166766166687,0.2783166766166687,34522128.0,0.0,0.0,higher_in_escape_prone
T47D,ARHGAP11A,0.49246782064437866,0.21479159593582153,0.27767622470855713,0.27767622470855713,34764096.0,0.0,0.0,higher_in_escape_prone
T47D,IFIT3,0.27074551582336426,0.5470289587974548,-0.2762834429740906,0.2762834429740906,23850910.0,0.0,0.0,lower_in_escape_prone
T47D,HSPB1,2.796612024307251,3.0707004070281982,-0.27408838272094727,0.27408838272094727,20983130.0,0.0,0.0,lower_in_escape_prone
T47D,KIF11,0.5538671016693115,0.28161850571632385,0.27224859595298767,0.27224859595298767,34404216.0,0.0,0.0,higher_in_escape_prone
T47D,TPM1,1.3861531019210815,1.6579970121383667,-0.27184391021728516,0.27184391021728516,23097792.0,0.0,0.0,lower_in_escape_prone
T47D,LGALS3,1.092905044555664,1.3639785051345825,-0.27107346057891846,0.27107346057891846,23172410.0,0.0,0.0,lower_in_escape_prone
T47D,NCAPG,0.514210045337677,0.2447158545255661,0.2694941759109497,0.2694941759109497,34596616.0,0.0,0.0,higher_in_escape_prone
T47D,RACGAP1,0.6538366675376892,0.3861222565174103,0.26771441102027893,0.26771441102027893,34071696.0,0.0,0.0,higher_in_escape_prone
T47D,ELF3,0.4947856664657593,0.762434720993042,-0.2676490545272827,0.2676490545272827,23153026.0,0.0,0.0,lower_in_escape_prone
T47D,PHF19,0.5971888303756714,0.32967427372932434,0.26751455664634705,0.26751455664634705,34263960.0,0.0,0.0,higher_in_escape_prone
T47D,KIF23,0.6081231832504272,0.34217825531959534,0.2659449279308319,0.2659449279308319,34166552.0,0.0,0.0,higher_in_escape_prone
T47D,CCNA2,0.4477042853832245,0.18245626986026764,0.26524800062179565,0.26524800062179565,34549056.0,0.0,0.0,higher_in_escape_prone
T47D,TNFRSF12A,0.5172476768493652,0.779216468334198,-0.26196879148483276,0.26196879148483276,23290098.0,0.0,0.0,lower_in_escape_prone
T47D,FUS,1.5510118007659912,1.2901238203048706,0.2608879804611206,0.2608879804611206,34851952.0,0.0,0.0,higher_in_escape_prone
T47D,CD24,1.2587069272994995,1.5195633172988892,-0.26085638999938965,0.26085638999938965,23411340.0,0.0,0.0,lower_in_escape_prone
T47D,DSCAM-AS1,1.388841986656189,1.6480011940002441,-0.2591592073440552,0.2591592073440552,23543662.0,0.0,0.0,lower_in_escape_prone
T47D,UBE2S,0.6188167929649353,0.3610233962535858,0.2577933967113495,0.2577933967113495,33657192.0,0.0,0.0,higher_in_escape_prone
T47D,TUBA1A,0.9710860848426819,1.2274932861328125,-0.2564072012901306,0.2564072012901306,23696848.0,0.0,0.0,lower_in_escape_prone
T47D,CDCA5,0.5982507467269897,0.34188950061798096,0.2563612461090088,0.2563612461090088,34113400.0,0.0,0.0,higher_in_escape_prone
T47D,FAM83D,0.4837552309036255,0.22790826857089996,0.2558469772338867,0.2558469772338867,34175840.0,0.0,0.0,higher_in_escape_prone
T47D,CALM2,2.0327224731445312,1.7773069143295288,0.25541555881500244,0.25541555881500244,35223632.0,0.0,0.0,higher_in_escape_prone
T47D,KIF20A,0.40684396028518677,0.15406063199043274,0.25278332829475403,0.25278332829475403,34279512.0,0.0,0.0,higher_in_escape_prone
T47D,GRN,1.5582300424575806,1.8108490705490112,-0.25261902809143066,0.25261902809143066,23132592.0,0.0,0.0,lower_in_escape_prone
T47D,APOE,1.769657850265503,2.0215237140655518,-0.25186586380004883,0.25186586380004883,22993532.0,0.0,0.0,lower_in_escape_prone
T47D,CENPE,0.5919432640075684,0.3403623700141907,0.2515808939933777,0.2515808939933777,33719088.0,0.0,0.0,higher_in_escape_prone
T47D,CLDN4,1.9367421865463257,2.187204599380493,-0.2504624128341675,0.2504624128341675,22729302.0,0.0,0.0,lower_in_escape_prone
T47D,SPINT1,1.1040072441101074,1.3542581796646118,-0.2502509355545044,0.2502509355545044,23256960.0,0.0,0.0,lower_in_escape_prone
T47D,PIP,1.643983006477356,1.9688254594802856,-0.3248424530029297,0.3248424530029297,24107332.0,7.424079263992881e-42,2.0180511782307464e-39,lower_in_escape_prone
T47D,IFI27,1.669312596321106,1.9269393682479858,-0.2576267719268799,0.2576267719268799,24474704.0,8.405628347000307e-36,1.944747990496632e-33,lower_in_escape_prone
