cell_line,transcription_factor,target_gene,target_direction,tf_target_correlation,absolute_tf_target_correlation,tf_target_p_value,rap_correlation,rap_consistent
MCF7,FOS,PHGDH,up,-0.102261203143555,0.102261203143555,5.491399564211928e-63,-0.21541011781367136,True
MCF7,FOS,HMGB2,up,-0.1521144545523427,0.1521144545523427,6.308476808548992e-138,-0.21541011781367136,True
MCF7,FOS,ASPM,up,-0.16508935526991658,0.16508935526991658,1.9506506263980983e-162,-0.21541011781367136,True
MCF7,FOS,PTTG1,up,-0.1397492676997602,0.1397492676997602,1.6324877252046398e-116,-0.21541011781367136,True
MCF7,FOS,BCL2,up,0.11086674271221639,0.11086674271221639,8.928874260363804e-74,-0.21541011781367136,False
MCF7,FOS,AURKB,up,-0.12524572708427642,0.12524572708427642,8.681617904027402e-94,-0.21541011781367136,True
MCF7,FOS,ARHGAP11A,up,-0.13890061366207393,0.13890061366207393,4.106013744213998e-115,-0.21541011781367136,True
MCF7,FOS,PRC1,up,-0.13221620981359944,0.13221620981359944,2.1712673510977682e-104,-0.21541011781367136,True
MCF7,FOS,MKI67,up,-0.19856789754156912,0.19856789754156912,1.5895115877345723e-235,-0.21541011781367136,True
MCF7,FOS,TOP2A,up,-0.15518875936913018,0.15518875936913018,1.521915087458265e-143,-0.21541011781367136,True
MCF7,FOS,PRR11,up,-0.13284061905014102,0.13284061905014102,2.281076243121157e-105,-0.21541011781367136,True
MCF7,FOS,NCAPH,up,-0.10172462580425358,0.10172462580425358,2.4160131330933355e-62,-0.21541011781367136,True
MCF7,FOS,NUF2,up,-0.11524666010770349,0.11524666010770349,1.314789019787739e-79,-0.21541011781367136,True
MCF7,FOS,CCNA2,up,-0.13645432642481162,0.13645432642481162,3.992351215049388e-111,-0.21541011781367136,True
MCF7,FOS,KIF14,up,-0.1658323854072937,0.1658323854072937,6.6493990975375635e-164,-0.21541011781367136,True
MCF7,FOS,PLK1,up,-0.16119323525992613,0.16119323525992613,7.431489292405399e-155,-0.21541011781367136,True
MCF7,FOS,CENPF,up,-0.17665525181360867,0.17665525181360867,4.558186422092782e-186,-0.21541011781367136,True
MCF7,FOS,PBK,up,-0.10942350589526086,0.10942350589526086,6.638228593212438e-72,-0.21541011781367136,True
MCF7,FOS,KNL1,up,-0.12112954309735777,0.12112954309735777,8.361476109822981e-88,-0.21541011781367136,True
MCF7,FOS,TROAP,up,-0.11171294287256889,0.11171294287256889,6.950604091470483e-75,-0.21541011781367136,True
MCF7,FOS,LMNB1,up,-0.13099352828248265,0.13099352828248265,1.7343231950963615e-102,-0.21541011781367136,True
MCF7,FOS,KIF11,up,-0.10757422871357067,0.10757422871357067,1.5250713363225147e-69,-0.21541011781367136,True
MCF7,FOS,BIRC5,up,-0.16918675261023977,0.16918675261023977,1.2935238967800267e-170,-0.21541011781367136,True
MCF7,FOS,CKS1B,up,-0.14148769285306417,0.14148769285306417,2.0713087899615743e-119,-0.21541011781367136,True
MCF7,FOS,HMMR,up,-0.1325895621875667,0.1325895621875667,5.6515497079365484e-105,-0.21541011781367136,True
MCF7,FOS,KIF20A,up,-0.15255572238194637,0.15255572238194637,1.0019240273177554e-138,-0.21541011781367136,True
MCF7,FOS,GAS2L3,up,-0.13859813554995293,0.13859813554995293,1.289666987855555e-114,-0.21541011781367136,True
MCF7,FOS,CDC20,up,-0.15193937227401538,0.15193937227401538,1.3071047532798818e-137,-0.21541011781367136,True
MCF7,FOS,FOXM1,up,-0.10927470963520147,0.10927470963520147,1.0317085444958898e-71,-0.21541011781367136,True
MCF7,FOS,UBE2C,up,-0.11426116185405082,0.11426116185405082,2.82596104610931e-78,-0.21541011781367136,True
MCF7,FOS,SYTL2,down,0.13783235382275602,0.13783235382275602,2.3113157747286467e-113,-0.21541011781367136,True
MCF7,FOS,BCAS1,down,0.11388771385070649,0.11388771385070649,8.97396673761613e-78,-0.21541011781367136,True
MCF7,FOS,GPRC5A,down,0.10706759822934395,0.10706759822934395,6.653253356971563e-69,-0.21541011781367136,True
MCF7,FOS,RND1,down,0.12937981004293203,0.12937981004293203,5.273480727393595e-100,-0.21541011781367136,True
MCF7,STAT3,HMGB2,up,-0.13262500594555657,0.13262500594555657,4.972628750257569e-105,-0.18957725493722685,True
MCF7,STAT3,MKI67,up,-0.1416384180682803,0.1416384180682803,1.1570541635746683e-119,-0.18957725493722685,True
MCF7,STAT3,TOP2A,up,-0.12627050674358983,0.12627050674358983,2.6119505358125574e-95,-0.18957725493722685,True
MCF7,STAT3,CENPF,up,-0.10030479016111273,0.10030479016111273,1.172440134751921e-60,-0.18957725493722685,True
MCF7,STAT3,ANP32E,up,-0.10985872480194792,0.10985872480194792,1.8213386370893283e-72,-0.18957725493722685,True
MCF7,STAT3,BIRC5,up,-0.10139053209335304,0.10139053209335304,6.053150358156378e-62,-0.18957725493722685,True
MCF7,STAT3,CKS1B,up,-0.11482717462061552,0.11482717462061552,4.868475616098791e-79,-0.18957725493722685,True
MCF7,STAT3,PCLAF,up,-0.12477774593272051,0.12477774593272051,4.258360243697567e-93,-0.18957725493722685,True
MCF7,STAT3,BCAS1,down,0.12530472558117253,0.12530472558117253,7.101380900145892e-94,-0.18957725493722685,True
MCF7,JUN,PHGDH,up,-0.10746261898024086,0.10746261898024086,2.1110002732430045e-69,-0.14842923420094767,True
MCF7,JUN,ASPM,up,-0.10910443972060478,0.10910443972060478,1.7075505401681571e-71,-0.14842923420094767,True
MCF7,JUN,PTTG1,up,-0.12689932025652684,0.12689932025652684,2.998937031832165e-96,-0.14842923420094767,True
MCF7,JUN,ARHGAP11A,up,-0.10773691344860899,0.10773691344860899,9.488765919436203e-70,-0.14842923420094767,True
MCF7,JUN,MKI67,up,-0.1612704372300155,0.1612704372300155,5.2809002147747306e-155,-0.14842923420094767,True
MCF7,JUN,TOP2A,up,-0.10809587729703521,0.10809587729703521,3.3217939149010536e-70,-0.14842923420094767,True
MCF7,JUN,PRR11,up,-0.11896208375795317,0.11896208375795317,9.78941940069623e-85,-0.14842923420094767,True
MCF7,JUN,KIF14,up,-0.12487277268225644,0.12487277268225644,3.084734156403323e-93,-0.14842923420094767,True
MCF7,JUN,PLK1,up,-0.12224845643273831,0.12224845643273831,2.0702305149603955e-89,-0.14842923420094767,True
MCF7,JUN,CENPF,up,-0.1445790780578132,0.1445790780578132,1.1844118798774005e-124,-0.14842923420094767,True
MCF7,JUN,ANP32E,up,-0.1313770279078225,0.1313770279078225,4.4095026336538233e-103,-0.14842923420094767,True
MCF7,JUN,BIRC5,up,-0.14634164228896565,0.14634164228896565,1.0755446252771613e-127,-0.14842923420094767,True
MCF7,JUN,CKS1B,up,-0.10393410344296558,0.10393410344296558,5.148108507014381e-65,-0.14842923420094767,True
MCF7,JUN,HMMR,up,-0.10279966747929198,0.10279966747929198,1.231836709564632e-63,-0.14842923420094767,True
MCF7,JUN,KIF20A,up,-0.11595762985948725,0.11595762985948725,1.4139321587094663e-80,-0.14842923420094767,True
MCF7,JUN,GAS2L3,up,-0.10322490813408751,0.10322490813408751,3.7624681914689864e-64,-0.14842923420094767,True
MCF7,JUN,CDC20,up,-0.12270160864615083,0.12270160864615083,4.5833634138911475e-90,-0.14842923420094767,True
MCF7,JUN,SYTL2,down,0.16331712724933245,0.16331712724933245,5.782479736116698e-159,-0.14842923420094767,True
MCF7,JUN,TM4SF1,down,0.10007253887734995,0.10007253887734995,2.200866530526792e-60,-0.14842923420094767,True
MCF7,E2F1,NCMAP,up,0.366116587281726,0.366116587281726,0.0,0.10717202735015056,True
MCF7,E2F1,H4C3,up,0.17043566917246084,0.17043566917246084,3.774281225212977e-173,0.10717202735015056,True
MCF7,E2F1,PHGDH,up,0.12113564455302275,0.12113564455302275,8.195302922557083e-88,0.10717202735015056,True
MCF7,E2F1,S1PR5,up,0.28131901397868647,0.28131901397868647,0.0,0.10717202735015056,True
MCF7,E2F1,H1-5,up,0.3888085918699377,0.3888085918699377,0.0,0.10717202735015056,True
MCF7,E2F1,MIR924HG,up,0.3786571551413915,0.3786571551413915,0.0,0.10717202735015056,True
MCF7,E2F1,NXPH3,up,0.27087397046555134,0.27087397046555134,0.0,0.10717202735015056,True
MCF7,E2F1,HMGB2,up,0.10330734334840297,0.10330734334840297,2.9879414436045798e-64,0.10717202735015056,True
MCF7,E2F1,SOWAHA,up,0.3182982256522656,0.3182982256522656,0.0,0.10717202735015056,True
MCF7,E2F1,CPT1C,up,0.24582153515744345,0.24582153515744345,0.0,0.10717202735015056,True
MCF7,E2F1,TNFAIP8L1,up,0.21254558405468216,0.21254558405468216,2.453599065346464e-270,0.10717202735015056,True
MCF7,E2F1,ITGA2B,up,0.34484220524127696,0.34484220524127696,0.0,0.10717202735015056,True
MCF7,E2F1,SMARCA1,up,0.24217904322169384,0.24217904322169384,0.0,0.10717202735015056,True
MCF7,E2F1,ZNF710-AS1,up,0.34912636755655996,0.34912636755655996,0.0,0.10717202735015056,True
MCF7,E2F1,SEMA6B,up,0.32387623321230924,0.32387623321230924,0.0,0.10717202735015056,True
MCF7,E2F1,MAP2K6,up,0.3510941775621541,0.3510941775621541,0.0,0.10717202735015056,True
MCF7,E2F1,NRM,up,0.2858134667085234,0.2858134667085234,0.0,0.10717202735015056,True
MCF7,E2F1,PIF1,up,0.15490894912229397,0.15490894912229397,4.995008309548563e-143,0.10717202735015056,True
MCF7,E2F1,DEPDC1B,up,0.28266655013889874,0.28266655013889874,0.0,0.10717202735015056,True
MCF7,E2F1,CCDC88A,up,0.2580562856182706,0.2580562856182706,0.0,0.10717202735015056,True
MCF7,E2F1,FBXO17,up,0.11812069714213978,0.11812069714213978,1.467670794607572e-83,0.10717202735015056,True
MCF7,E2F1,SLFN11,up,0.3652700979908694,0.3652700979908694,0.0,0.10717202735015056,True
MCF7,E2F1,YBX2,up,0.11266957511937549,0.11266957511937549,3.786161401089607e-76,0.10717202735015056,True
MCF7,E2F1,CRABP1,up,0.20817213457007824,0.20817213457007824,3.619486645178077e-259,0.10717202735015056,True
MCF7,E2F1,PDE4A,up,0.3219640182703368,0.3219640182703368,0.0,0.10717202735015056,True
MCF7,E2F1,NUSAP1,up,0.2668892512272592,0.2668892512272592,0.0,0.10717202735015056,True
MCF7,E2F1,ECHDC3,up,0.34696467918437807,0.34696467918437807,0.0,0.10717202735015056,True
MCF7,E2F1,AURKB,up,0.1603522075376996,0.1603522075376996,3.0376789099930697e-153,0.10717202735015056,True
MCF7,E2F1,RIPPLY3,up,0.27239855172699506,0.27239855172699506,0.0,0.10717202735015056,True
MCF7,E2F1,ARHGAP11A,up,0.11115497336461977,0.11115497336461977,3.750537883382912e-74,0.10717202735015056,True
MCF7,E2F1,TNFRSF18,up,0.3734164845854556,0.3734164845854556,0.0,0.10717202735015056,True
MCF7,E2F1,H1-3,up,0.3031852342904774,0.3031852342904774,0.0,0.10717202735015056,True
MCF7,E2F1,PRC1,up,0.11610126442759074,0.11610126442759074,8.995844022086026e-81,0.10717202735015056,True
MCF7,E2F1,SYCE2,up,0.3207546794709016,0.3207546794709016,0.0,0.10717202735015056,True
MCF7,E2F1,TOP2A,up,0.11430719491711193,0.11430719491711193,2.450154415958393e-78,0.10717202735015056,True
MCF7,E2F1,SKP2,up,0.3675332468079572,0.3675332468079572,0.0,0.10717202735015056,True
MCF7,E2F1,CDC25C,up,0.2565309739384766,0.2565309739384766,0.0,0.10717202735015056,True
MCF7,E2F1,KIF15,up,0.26031539254127956,0.26031539254127956,0.0,0.10717202735015056,True
MCF7,E2F1,NCAPH,up,0.23985531144609737,0.23985531144609737,0.0,0.10717202735015056,True
MCF7,E2F1,DHTKD1,up,0.10930545358313327,0.10930545358313327,9.419123168709057e-72,0.10717202735015056,True
MCF7,E2F1,NUF2,up,0.15147710678990167,0.15147710678990167,8.908988894814423e-137,0.10717202735015056,True
MCF7,E2F1,CCNA2,up,0.17780621017853682,0.17780621017853682,1.6382673699979966e-188,0.10717202735015056,True
MCF7,E2F1,ESPL1,up,0.2124216723130245,0.2124216723130245,5.125513109900339e-270,0.10717202735015056,True
MCF7,E2F1,MT2A,up,0.21379381851844817,0.21379381851844817,1.430694278229444e-273,0.10717202735015056,True
MCF7,E2F1,PLOD2,up,0.16784202427432587,0.16784202427432587,6.594348232421274e-168,0.10717202735015056,True
MCF7,E2F1,CIT,up,0.1907721527688251,0.1907721527688251,3.2077976372207884e-217,0.10717202735015056,True
MCF7,E2F1,SPC25,up,0.3414223944668274,0.3414223944668274,0.0,0.10717202735015056,True
MCF7,E2F1,RADIL,up,0.36028282653463406,0.36028282653463406,0.0,0.10717202735015056,True
MCF7,E2F1,PBK,up,0.20569323954642052,0.20569323954642052,5.983446735210028e-253,0.10717202735015056,True
MCF7,E2F1,MELK,up,0.26723800823704424,0.26723800823704424,0.0,0.10717202735015056,True
MCF7,E2F1,NEIL3,up,0.33229716381706315,0.33229716381706315,0.0,0.10717202735015056,True
MCF7,E2F1,KNL1,up,0.18358254244585956,0.18358254244585956,4.9121860034391714e-201,0.10717202735015056,True
MCF7,E2F1,AL662884.3,up,0.3905584877755544,0.3905584877755544,0.0,0.10717202735015056,True
MCF7,E2F1,RIBC2,up,0.33542874355578006,0.33542874355578006,0.0,0.10717202735015056,True
MCF7,E2F1,SPC24,up,0.30245639099573773,0.30245639099573773,0.0,0.10717202735015056,True
MCF7,E2F1,MT1X,up,0.2629683955259115,0.2629683955259115,0.0,0.10717202735015056,True
MCF7,E2F1,TROAP,up,0.11839258893950218,0.11839258893950218,6.131727262415435e-84,0.10717202735015056,True
MCF7,E2F1,LMNB1,up,0.1365209691377203,0.1365209691377203,3.1157488606333143e-111,0.10717202735015056,True
MCF7,E2F1,ARHGEF39,up,0.28819304232419335,0.28819304232419335,0.0,0.10717202735015056,True
MCF7,E2F1,SLC18B1,up,0.3310219993758498,0.3310219993758498,0.0,0.10717202735015056,True
MCF7,E2F1,RRM2,up,0.340066786757995,0.340066786757995,0.0,0.10717202735015056,True
MCF7,E2F1,NMU,up,0.22418694683145218,0.22418694683145218,2.6195688632067343e-301,0.10717202735015056,True
MCF7,E2F1,MND1,up,0.3218284383255987,0.3218284383255987,0.0,0.10717202735015056,True
MCF7,E2F1,KIF2C,up,0.2383335987506802,0.2383335987506802,0.0,0.10717202735015056,True
MCF7,E2F1,KIF18B,up,0.27738223852031263,0.27738223852031263,0.0,0.10717202735015056,True
MCF7,E2F1,PIMREG,up,0.21230053990800812,0.21230053990800812,1.0526837346221545e-269,0.10717202735015056,True
MCF7,E2F1,KIF11,up,0.15719247138795314,0.15719247138795314,2.869415124735584e-147,0.10717202735015056,True
MCF7,E2F1,CCDC28B,up,0.3431964298260978,0.3431964298260978,0.0,0.10717202735015056,True
MCF7,E2F1,FAM72D,up,0.28208629508283395,0.28208629508283395,0.0,0.10717202735015056,True
MCF7,E2F1,MPP2,up,0.31832880532994146,0.31832880532994146,0.0,0.10717202735015056,True
MCF7,E2F1,BIRC5,up,0.10990942073202374,0.10990942073202374,1.566096933147021e-72,0.10717202735015056,True
MCF7,E2F1,WDR76,up,0.4167076048192754,0.4167076048192754,0.0,0.10717202735015056,True
MCF7,E2F1,GPR37L1,up,0.2612428900671158,0.2612428900671158,0.0,0.10717202735015056,True
MCF7,E2F1,KIF20A,up,0.10107531096241414,0.10107531096241414,1.4358588851788878e-61,0.10717202735015056,True
MCF7,E2F1,MT1F,up,0.3344572603663801,0.3344572603663801,0.0,0.10717202735015056,True
MCF7,E2F1,TIFA,up,0.27481783274693605,0.27481783274693605,0.0,0.10717202735015056,True
MCF7,E2F1,GAS2L3,up,0.10779161331213612,0.10779161331213612,8.088121759545337e-70,0.10717202735015056,True
MCF7,E2F1,CDC20,up,0.10748423942848323,0.10748423942848323,1.9822013800652183e-69,0.10717202735015056,True
MCF7,E2F1,FOXM1,up,0.11259058038038361,0.11259058038038361,4.819219272351429e-76,0.10717202735015056,True
MCF7,E2F1,FAM72B,up,0.27072490411145983,0.27072490411145983,0.0,0.10717202735015056,True
MCF7,E2F1,PCLAF,up,0.18978015164857415,0.18978015164857415,6.011614201484257e-215,0.10717202735015056,True
MCF7,E2F1,ZWINT,up,0.17085678726261527,0.17085678726261527,5.219664903577966e-174,0.10717202735015056,True
MCF7,E2F1,GINS1,up,0.24979182918733073,0.24979182918733073,0.0,0.10717202735015056,True
MCF7,E2F1,UBE2C,up,0.12843158377274838,0.12843158377274838,1.466615672689896e-98,0.10717202735015056,True
MCF7,E2F1,NCF2,down,-0.3720179325989968,0.3720179325989968,0.0,0.10717202735015056,True
MCF7,E2F1,ANKRD1,down,-0.25978382530824634,0.25978382530824634,0.0,0.10717202735015056,True
MCF7,E2F1,KLK5,down,-0.2797602388425674,0.2797602388425674,0.0,0.10717202735015056,True
MCF7,E2F1,IVL,down,-0.16987705864461894,0.16987705864461894,5.1652095340349775e-172,0.10717202735015056,True
MCF7,E2F1,IFI27,down,-0.2680492805020282,0.2680492805020282,0.0,0.10717202735015056,True
MCF7,E2F1,XAF1,down,-0.3887142561872786,0.3887142561872786,0.0,0.10717202735015056,True
MCF7,E2F1,DAPP1,down,-0.3707435021166242,0.3707435021166242,0.0,0.10717202735015056,True
MCF7,E2F1,CAPN8,down,-0.35468349706947677,0.35468349706947677,0.0,0.10717202735015056,True
MCF7,E2F1,IFIT1,down,-0.29030287612009087,0.29030287612009087,0.0,0.10717202735015056,True
MCF7,E2F1,IFIT3,down,-0.3853594606729235,0.3853594606729235,0.0,0.10717202735015056,True
MCF7,E2F1,IFI6,down,-0.12276067125478997,0.12276067125478997,3.7640201648804444e-90,0.10717202735015056,True
MCF7,E2F1,TGFB2,down,-0.2377043020100759,0.2377043020100759,0.0,0.10717202735015056,True
MCF7,E2F1,FLRT3,down,-0.36771410703741575,0.36771410703741575,0.0,0.10717202735015056,True
MCF7,E2F1,IFIT2,down,-0.3473833222835286,0.3473833222835286,0.0,0.10717202735015056,True
MCF7,E2F1,ANXA1,down,-0.22336639627598265,0.22336639627598265,4.579724016647885e-299,0.10717202735015056,True
MCF7,E2F1,TNFSF15,down,-0.3167742515714215,0.3167742515714215,0.0,0.10717202735015056,True
MCF7,E2F1,OAS1,down,-0.3186912846826403,0.3186912846826403,0.0,0.10717202735015056,True
MCF7,E2F1,UPK2,down,-0.2254750694580878,0.2254750694580878,7.575213459955999e-305,0.10717202735015056,True
MCF7,E2F1,TMEM140,down,-0.38104112662600576,0.38104112662600576,0.0,0.10717202735015056,True
MCF7,E2F1,SAMD9,down,-0.30505568853121473,0.30505568853121473,0.0,0.10717202735015056,True
MCF7,E2F1,HOPX,down,-0.31949766342823793,0.31949766342823793,0.0,0.10717202735015056,True
MCF7,E2F1,CDK6,down,-0.2705143485886165,0.2705143485886165,0.0,0.10717202735015056,True
MCF7,E2F1,LAMC2,down,-0.3914605741485537,0.3914605741485537,0.0,0.10717202735015056,True
MCF7,E2F1,ATP13A4,down,-0.2931179157298789,0.2931179157298789,0.0,0.10717202735015056,True
MCF7,E2F1,FYB2,down,-0.3045273356843422,0.3045273356843422,0.0,0.10717202735015056,True
MCF7,E2F1,EPAS1,down,-0.2190560771875846,0.2190560771875846,1.9606801227129588e-287,0.10717202735015056,True
MCF7,E2F1,NTN4,down,-0.2882144401190159,0.2882144401190159,0.0,0.10717202735015056,True
MCF7,E2F1,DDX60,down,-0.3320176537502644,0.3320176537502644,0.0,0.10717202735015056,True
MCF7,E2F1,CALD1,down,-0.37228655565500823,0.37228655565500823,0.0,0.10717202735015056,True
MCF7,E2F1,GPR87,down,-0.20840203165764015,0.20840203165764015,9.502595390551279e-260,0.10717202735015056,True
MCF7,E2F1,EGLN3,down,-0.2394766266195498,0.2394766266195498,0.0,0.10717202735015056,True
MCF7,E2F1,CYP1A1,down,-0.16910928846574072,0.16910928846574072,1.8550496542209803e-170,0.10717202735015056,True
MCF7,E2F1,GBP2,down,-0.2719791860602503,0.2719791860602503,0.0,0.10717202735015056,True
MCF7,E2F1,MAP1B,down,-0.22418575165447907,0.22418575165447907,2.6393859864365164e-301,0.10717202735015056,True
MCF7,E2F1,SYBU,down,-0.18365402264440894,0.18365402264440894,3.416892734069964e-201,0.10717202735015056,True
MCF7,E2F1,KMO,down,-0.34711367755252026,0.34711367755252026,0.0,0.10717202735015056,True
MCF7,E2F1,TSPAN1,down,-0.20396603905701366,0.20396603905701366,1.1529096655186046e-248,0.10717202735015056,True
MCF7,E2F1,LRRN1,down,-0.3258934104624002,0.3258934104624002,0.0,0.10717202735015056,True
MCF7,E2F1,PSCA,down,-0.18411022478967803,0.18411022478967803,3.3571667190747476e-202,0.10717202735015056,True
MCF7,E2F1,GPNMB,down,-0.17368043318107543,0.17368043318107543,7.919247113148293e-180,0.10717202735015056,True
MCF7,E2F1,COL21A1,down,-0.36311835107821294,0.36311835107821294,0.0,0.10717202735015056,True
MCF7,E2F1,SLC6A14,down,-0.15567476581398018,0.15567476581398018,1.9212004589811415e-144,0.10717202735015056,True
MCF7,E2F1,DUSP10,down,-0.3670404248280571,0.3670404248280571,0.0,0.10717202735015056,True
MCF7,E2F1,C15orf48,down,-0.34913945473727187,0.34913945473727187,0.0,0.10717202735015056,True
MCF7,E2F1,CDKN2B,down,-0.11654471357601778,0.11654471357601778,2.219021142465664e-81,0.10717202735015056,True
MCF7,E2F1,COL5A1,down,-0.12366692184807557,0.12366692184807557,1.8111621911454582e-91,0.10717202735015056,True
MCF7,E2F1,KIF5C,down,-0.19799890526821656,0.19799890526821656,3.664676213887287e-234,0.10717202735015056,True
MCF7,E2F1,S100A9,down,-0.2490821182098567,0.2490821182098567,0.0,0.10717202735015056,True
MCF7,E2F1,MAF,down,-0.4023436036834463,0.4023436036834463,0.0,0.10717202735015056,True
MCF7,E2F1,LAMB3,down,-0.23882593926581192,0.23882593926581192,0.0,0.10717202735015056,True
MCF7,E2F1,PGM2L1,down,-0.2586704889676037,0.2586704889676037,0.0,0.10717202735015056,True
MCF7,E2F1,TUBA4A,down,-0.2087609377661318,0.2087609377661318,1.1741328817616213e-260,0.10717202735015056,True
MCF7,E2F1,ALDH1A3,down,-0.12962622906394436,0.12962622906394436,2.2130560526020444e-100,0.10717202735015056,True
MCF7,E2F1,APOD,down,-0.31237105760931966,0.31237105760931966,0.0,0.10717202735015056,True
MCF7,E2F1,AC133540.1,down,-0.2900106300905878,0.2900106300905878,0.0,0.10717202735015056,True
MCF7,E2F1,RTL5,down,-0.2576491584324234,0.2576491584324234,0.0,0.10717202735015056,True
MCF7,E2F1,LIMCH1,down,-0.255609004843602,0.255609004843602,0.0,0.10717202735015056,True
MCF7,E2F1,DDX58,down,-0.24309325413375543,0.24309325413375543,0.0,0.10717202735015056,True
MCF7,E2F1,FAM198B-AS1,down,-0.32846167457529063,0.32846167457529063,0.0,0.10717202735015056,True
MCF7,E2F1,PHLDB2,down,-0.2350528538501666,0.2350528538501666,0.0,0.10717202735015056,True
MCF7,E2F1,PURPL,down,-0.4156057829227937,0.4156057829227937,0.0,0.10717202735015056,True
MCF7,E2F1,EPHA4,down,-0.24875843766612052,0.24875843766612052,0.0,0.10717202735015056,True
MCF7,E2F1,TNFRSF21,down,-0.24901857762860097,0.24901857762860097,0.0,0.10717202735015056,True
MCF7,E2F1,SHISA2,down,-0.24211923436036034,0.24211923436036034,0.0,0.10717202735015056,True
MCF7,E2F1,PARP9,down,-0.13560157550853363,0.13560157550853363,9.421393667560362e-110,0.10717202735015056,True
MCF7,E2F1,SYT8,down,-0.24862092697675808,0.24862092697675808,0.0,0.10717202735015056,True
MCF7,E2F1,PPP1R14B-AS1,down,-0.2803230588927755,0.2803230588927755,0.0,0.10717202735015056,True
MCF7,E2F1,IZUMO4,down,-0.26068644043412276,0.26068644043412276,0.0,0.10717202735015056,True
MCF7,E2F1,FGF12,down,-0.10116835287755446,0.10116835287755446,1.1130379335966604e-61,0.10717202735015056,True
MCF7,E2F1,COL16A1,down,-0.3129291021187977,0.3129291021187977,0.0,0.10717202735015056,True
MCF7,E2F1,GRHL3,down,-0.26939203292670644,0.26939203292670644,0.0,0.10717202735015056,True
MCF7,E2F1,IRF9,down,-0.28959065511243237,0.28959065511243237,0.0,0.10717202735015056,True
MCF7,E2F1,GASK1B,down,-0.3022659556237242,0.3022659556237242,0.0,0.10717202735015056,True
MCF7,E2F1,H2BC4,down,-0.19323184798247905,0.19323184798247905,6.5442589060023665e-223,0.10717202735015056,True
MCF7,E2F1,ENTPD8,down,-0.2871496608876803,0.2871496608876803,0.0,0.10717202735015056,True
MCF7,E2F1,BIRC3,down,-0.26951455944071134,0.26951455944071134,0.0,0.10717202735015056,True
MCF7,E2F1,AC093001.1,down,-0.25052213466521606,0.25052213466521606,0.0,0.10717202735015056,True
MCF7,E2F1,NABP1,down,-0.29535603426496027,0.29535603426496027,0.0,0.10717202735015056,True
MCF7,E2F1,PCDH7,down,-0.35421838483472606,0.35421838483472606,0.0,0.10717202735015056,True
MCF7,E2F1,TM4SF1,down,-0.130500027756177,0.130500027756177,1.0042138739353574e-101,0.10717202735015056,True
MCF7,E2F1,SLCO3A1,down,-0.26006696450542843,0.26006696450542843,0.0,0.10717202735015056,True
MCF7,E2F1,SAMD4A,down,-0.21357864071292545,0.21357864071292545,5.182796753740082e-273,0.10717202735015056,True
MCF7,TP53,RRM2,up,0.10308102780829834,0.10308102780829834,5.623308402017809e-64,0.07679319337103808,True
T47D,E2F1,NCMAP,up,0.3129107591382317,0.3129107591382317,0.0,0.15120628010941786,True
T47D,E2F1,H4C3,up,0.26036087930986523,0.26036087930986523,0.0,0.15120628010941786,True
T47D,E2F1,S1PR5,up,0.2893984147622509,0.2893984147622509,0.0,0.15120628010941786,True
T47D,E2F1,H1-5,up,0.38893835359197626,0.38893835359197626,0.0,0.15120628010941786,True
T47D,E2F1,MIR924HG,up,0.2467371941990717,0.2467371941990717,0.0,0.15120628010941786,True
T47D,E2F1,NXPH3,up,0.2220298125610449,0.2220298125610449,0.0,0.15120628010941786,True
T47D,E2F1,HMGB2,up,0.15131668717032556,0.15131668717032556,5.537133341187279e-268,0.15120628010941786,True
T47D,E2F1,CPT1C,up,0.32967850105779223,0.32967850105779223,0.0,0.15120628010941786,True
T47D,E2F1,TNFAIP8L1,up,0.26573084995060287,0.26573084995060287,0.0,0.15120628010941786,True
T47D,E2F1,ITGA2B,up,0.30994793935993475,0.30994793935993475,0.0,0.15120628010941786,True
T47D,E2F1,ZNF710-AS1,up,0.19786598359957464,0.19786598359957464,0.0,0.15120628010941786,True
T47D,E2F1,SEMA6B,up,0.3060888826551418,0.3060888826551418,0.0,0.15120628010941786,True
T47D,E2F1,MAP2K6,up,0.3187194956651815,0.3187194956651815,0.0,0.15120628010941786,True
T47D,E2F1,NRM,up,0.3220993060134426,0.3220993060134426,0.0,0.15120628010941786,True
T47D,E2F1,PIF1,up,0.2500959137665853,0.2500959137665853,0.0,0.15120628010941786,True
T47D,E2F1,DEPDC1B,up,0.18454903488445157,0.18454903488445157,0.0,0.15120628010941786,True
T47D,E2F1,CCDC88A,up,0.30269478494213004,0.30269478494213004,0.0,0.15120628010941786,True
T47D,E2F1,FBXO17,up,0.21546703757447866,0.21546703757447866,0.0,0.15120628010941786,True
T47D,E2F1,SLFN11,up,0.41494697798329844,0.41494697798329844,0.0,0.15120628010941786,True
T47D,E2F1,YBX2,up,0.17250641542552347,0.17250641542552347,0.0,0.15120628010941786,True
T47D,E2F1,CRABP1,up,0.31371185386821226,0.31371185386821226,0.0,0.15120628010941786,True
T47D,E2F1,PDE4A,up,0.3427456016516679,0.3427456016516679,0.0,0.15120628010941786,True
T47D,E2F1,NUSAP1,up,0.284532671110928,0.284532671110928,0.0,0.15120628010941786,True
T47D,E2F1,ECHDC3,up,0.3718452041986361,0.3718452041986361,0.0,0.15120628010941786,True
T47D,E2F1,BCL2,up,0.32481549369518775,0.32481549369518775,0.0,0.15120628010941786,True
T47D,E2F1,AURKB,up,0.2409373422247418,0.2409373422247418,0.0,0.15120628010941786,True
T47D,E2F1,RIPPLY3,up,0.26921864618532637,0.26921864618532637,0.0,0.15120628010941786,True
T47D,E2F1,ARHGAP11A,up,0.13936684375832728,0.13936684375832728,2.9733879287480375e-227,0.15120628010941786,True
T47D,E2F1,TNFRSF18,up,0.19958533299063985,0.19958533299063985,0.0,0.15120628010941786,True
T47D,E2F1,H1-3,up,0.37588609178526367,0.37588609178526367,0.0,0.15120628010941786,True
T47D,E2F1,PRC1,up,0.17923364117801097,0.17923364117801097,0.0,0.15120628010941786,True
T47D,E2F1,MKI67,up,0.1358358853415672,0.1358358853415672,6.960001091522003e-216,0.15120628010941786,True
T47D,E2F1,SYCE2,up,0.34186177171057014,0.34186177171057014,0.0,0.15120628010941786,True
T47D,E2F1,TOP2A,up,0.1243636981896206,0.1243636981896206,5.035510627367122e-181,0.15120628010941786,True
T47D,E2F1,SKP2,up,0.35257438627102555,0.35257438627102555,0.0,0.15120628010941786,True
T47D,E2F1,CDC25C,up,0.27826762129201704,0.27826762129201704,0.0,0.15120628010941786,True
T47D,E2F1,KIF15,up,0.2779047715551623,0.2779047715551623,0.0,0.15120628010941786,True
T47D,E2F1,NCAPH,up,0.2797357388542909,0.2797357388542909,0.0,0.15120628010941786,True
T47D,E2F1,DHTKD1,up,0.1050486221490082,0.1050486221490082,1.86484860779699e-129,0.15120628010941786,True
T47D,E2F1,NUF2,up,0.1709738966536547,0.1709738966536547,0.0,0.15120628010941786,True
T47D,E2F1,ESPL1,up,0.23746509185662362,0.23746509185662362,0.0,0.15120628010941786,True
T47D,E2F1,KIF14,up,0.14016223768441405,0.14016223768441405,7.419779766467527e-230,0.15120628010941786,True
T47D,E2F1,CIT,up,0.179534298101115,0.179534298101115,0.0,0.15120628010941786,True
T47D,E2F1,SPC25,up,0.29899830360712193,0.29899830360712193,0.0,0.15120628010941786,True
T47D,E2F1,PLK1,up,0.1154079238140082,0.1154079238140082,5.227210168841971e-156,0.15120628010941786,True
T47D,E2F1,RADIL,up,0.1810747356882151,0.1810747356882151,0.0,0.15120628010941786,True
T47D,E2F1,PBK,up,0.1195323831608817,0.1195323831608817,2.7269044122387758e-167,0.15120628010941786,True
T47D,E2F1,MELK,up,0.28366497422579295,0.28366497422579295,0.0,0.15120628010941786,True
T47D,E2F1,NEIL3,up,0.36591641676424763,0.36591641676424763,0.0,0.15120628010941786,True
T47D,E2F1,KNL1,up,0.19397625849935982,0.19397625849935982,0.0,0.15120628010941786,True
T47D,E2F1,AL662884.3,up,0.3076776929320372,0.3076776929320372,0.0,0.15120628010941786,True
T47D,E2F1,RIBC2,up,0.27263832887305484,0.27263832887305484,0.0,0.15120628010941786,True
T47D,E2F1,SPC24,up,0.3051961892619693,0.3051961892619693,0.0,0.15120628010941786,True
T47D,E2F1,MT1X,up,0.31252659287846635,0.31252659287846635,0.0,0.15120628010941786,True
T47D,E2F1,TROAP,up,0.16428467478325917,0.16428467478325917,0.0,0.15120628010941786,True
T47D,E2F1,LMNB1,up,0.13764804359417906,0.13764804359417906,1.1102113196498645e-221,0.15120628010941786,True
T47D,E2F1,ARHGEF39,up,0.2694160314826297,0.2694160314826297,0.0,0.15120628010941786,True
T47D,E2F1,SLC18B1,up,0.3384011530867912,0.3384011530867912,0.0,0.15120628010941786,True
T47D,E2F1,RRM2,up,0.23755472796308585,0.23755472796308585,0.0,0.15120628010941786,True
T47D,E2F1,NMU,up,0.26388011979500053,0.26388011979500053,0.0,0.15120628010941786,True
T47D,E2F1,MND1,up,0.2866071969793505,0.2866071969793505,0.0,0.15120628010941786,True
T47D,E2F1,KIF2C,up,0.21577068640007455,0.21577068640007455,0.0,0.15120628010941786,True
T47D,E2F1,KIF18B,up,0.32540081335762994,0.32540081335762994,0.0,0.15120628010941786,True
T47D,E2F1,PIMREG,up,0.22211401671304593,0.22211401671304593,0.0,0.15120628010941786,True
T47D,E2F1,BCYRN1,up,0.1669771115044288,0.1669771115044288,0.0,0.15120628010941786,True
T47D,E2F1,AC026401.3,up,0.3211475649880087,0.3211475649880087,0.0,0.15120628010941786,True
T47D,E2F1,KIF11,up,0.18838188507576298,0.18838188507576298,0.0,0.15120628010941786,True
T47D,E2F1,CCDC28B,up,0.3036107889442101,0.3036107889442101,0.0,0.15120628010941786,True
T47D,E2F1,FAM72D,up,0.2993673309676211,0.2993673309676211,0.0,0.15120628010941786,True
T47D,E2F1,MPP2,up,0.21799108132713477,0.21799108132713477,0.0,0.15120628010941786,True
T47D,E2F1,BIRC5,up,0.10672739339104197,0.10672739339104197,1.3824320278236506e-133,0.15120628010941786,True
T47D,E2F1,WDR76,up,0.43644561546097493,0.43644561546097493,0.0,0.15120628010941786,True
T47D,E2F1,GPR37L1,up,0.31207469586058784,0.31207469586058784,0.0,0.15120628010941786,True
T47D,E2F1,KIF20A,up,0.1527255907942823,0.1527255907942823,5.1385204907909634e-273,0.15120628010941786,True
T47D,E2F1,MT1F,up,0.24753294785115815,0.24753294785115815,0.0,0.15120628010941786,True
T47D,E2F1,TIFA,up,0.3611422003847101,0.3611422003847101,0.0,0.15120628010941786,True
T47D,E2F1,GAS2L3,up,0.14562026896321045,0.14562026896321045,3.926552796313715e-248,0.15120628010941786,True
T47D,E2F1,CDC20,up,0.10476901568494498,0.10476901568494498,8.954270543581263e-129,0.15120628010941786,True
T47D,E2F1,FOXM1,up,0.25194815035435414,0.25194815035435414,0.0,0.15120628010941786,True
T47D,E2F1,FAM72B,up,0.3617627908043563,0.3617627908043563,0.0,0.15120628010941786,True
T47D,E2F1,PCLAF,up,0.15010545923699872,0.15010545923699872,1.0732306045394096e-263,0.15120628010941786,True
T47D,E2F1,ZWINT,up,0.19157812947572117,0.19157812947572117,0.0,0.15120628010941786,True
T47D,E2F1,GINS1,up,0.2676776920228352,0.2676776920228352,0.0,0.15120628010941786,True
T47D,E2F1,UBE2C,up,0.11778467942700552,0.11778467942700552,1.8457140509827437e-162,0.15120628010941786,True
T47D,E2F1,NCF2,down,-0.17214988649232446,0.17214988649232446,0.0,0.15120628010941786,True
T47D,E2F1,ANKRD1,down,-0.29735698286813006,0.29735698286813006,0.0,0.15120628010941786,True
T47D,E2F1,KLK5,down,-0.376084043642225,0.376084043642225,0.0,0.15120628010941786,True
T47D,E2F1,IVL,down,-0.2141907631232624,0.2141907631232624,0.0,0.15120628010941786,True
T47D,E2F1,XAF1,down,-0.10244216147969194,0.10244216147969194,3.554065281797139e-123,0.15120628010941786,True
T47D,E2F1,DAPP1,down,-0.24225330504748765,0.24225330504748765,0.0,0.15120628010941786,True
T47D,E2F1,CAPN8,down,-0.2792877438897014,0.2792877438897014,0.0,0.15120628010941786,True
T47D,E2F1,IFIT3,down,-0.1274814371218404,0.1274814371218404,3.485127376107693e-190,0.15120628010941786,True
T47D,E2F1,TGFB2,down,-0.23789783393777775,0.23789783393777775,0.0,0.15120628010941786,True
T47D,E2F1,FLRT3,down,-0.28435955314401234,0.28435955314401234,0.0,0.15120628010941786,True
T47D,E2F1,IFIT2,down,-0.20394132836991385,0.20394132836991385,0.0,0.15120628010941786,True
T47D,E2F1,ANXA1,down,-0.31404526491879,0.31404526491879,0.0,0.15120628010941786,True
T47D,E2F1,TNFSF15,down,-0.21247354889348985,0.21247354889348985,0.0,0.15120628010941786,True
T47D,E2F1,NRP1,down,-0.28996106492547313,0.28996106492547313,0.0,0.15120628010941786,True
T47D,E2F1,UPK2,down,-0.28526556632981115,0.28526556632981115,0.0,0.15120628010941786,True
T47D,E2F1,TMEM140,down,-0.28171365120828973,0.28171365120828973,0.0,0.15120628010941786,True
T47D,E2F1,HOPX,down,-0.2515102804111791,0.2515102804111791,0.0,0.15120628010941786,True
T47D,E2F1,CDK6,down,-0.33374754743310947,0.33374754743310947,0.0,0.15120628010941786,True
T47D,E2F1,LAMC2,down,-0.22120347840720841,0.22120347840720841,0.0,0.15120628010941786,True
T47D,E2F1,ATP13A4,down,-0.30244300980658884,0.30244300980658884,0.0,0.15120628010941786,True
T47D,E2F1,FYB2,down,-0.1857136629415195,0.1857136629415195,0.0,0.15120628010941786,True
T47D,E2F1,EPAS1,down,-0.13372282580210362,0.13372282580210362,3.1766982608251303e-209,0.15120628010941786,True
T47D,E2F1,NTN4,down,-0.3632815698129967,0.3632815698129967,0.0,0.15120628010941786,True
T47D,E2F1,DDX60,down,-0.18792277229647406,0.18792277229647406,0.0,0.15120628010941786,True
T47D,E2F1,GPR87,down,-0.23480244416365173,0.23480244416365173,0.0,0.15120628010941786,True
T47D,E2F1,EGLN3,down,-0.29792258337976063,0.29792258337976063,0.0,0.15120628010941786,True
T47D,E2F1,CYP1A1,down,-0.2117442338477864,0.2117442338477864,0.0,0.15120628010941786,True
T47D,E2F1,PRSS23,down,-0.3001716294221997,0.3001716294221997,0.0,0.15120628010941786,True
T47D,E2F1,GBP2,down,-0.22840971586866962,0.22840971586866962,0.0,0.15120628010941786,True
T47D,E2F1,MAP1B,down,-0.3273674018064407,0.3273674018064407,0.0,0.15120628010941786,True
T47D,E2F1,SYBU,down,-0.20597932612595257,0.20597932612595257,0.0,0.15120628010941786,True
T47D,E2F1,KMO,down,-0.22018599793767762,0.22018599793767762,0.0,0.15120628010941786,True
T47D,E2F1,TSPAN1,down,-0.11737820845952358,0.11737820845952358,2.3941688878847644e-161,0.15120628010941786,True
T47D,E2F1,SYTL2,down,-0.2124932235958145,0.2124932235958145,0.0,0.15120628010941786,True
T47D,E2F1,LRRN1,down,-0.14359684374961953,0.14359684374961953,2.8457829909371204e-241,0.15120628010941786,True
T47D,E2F1,PSCA,down,-0.2529923743092783,0.2529923743092783,0.0,0.15120628010941786,True
T47D,E2F1,ANXA3,down,-0.161194172575503,0.161194172575503,2.7004900672942856e-304,0.15120628010941786,True
T47D,E2F1,COL21A1,down,-0.32301837798458016,0.32301837798458016,0.0,0.15120628010941786,True
T47D,E2F1,SLC6A14,down,-0.24913442112844003,0.24913442112844003,0.0,0.15120628010941786,True
T47D,E2F1,DUSP10,down,-0.26243556871252594,0.26243556871252594,0.0,0.15120628010941786,True
T47D,E2F1,MACC1,down,-0.1422025520659407,0.1422025520659407,1.3282541668428756e-236,0.15120628010941786,True
T47D,E2F1,C15orf48,down,-0.38478828508212026,0.38478828508212026,0.0,0.15120628010941786,True
T47D,E2F1,CDKN2B,down,-0.23214963904193528,0.23214963904193528,0.0,0.15120628010941786,True
T47D,E2F1,COL5A1,down,-0.404587008652488,0.404587008652488,0.0,0.15120628010941786,True
T47D,E2F1,KIF5C,down,-0.3957570182119886,0.3957570182119886,0.0,0.15120628010941786,True
T47D,E2F1,S100A9,down,-0.1425476147941416,0.1425476147941416,9.379434785357195e-238,0.15120628010941786,True
T47D,E2F1,MAF,down,-0.3050641875923972,0.3050641875923972,0.0,0.15120628010941786,True
T47D,E2F1,LAMB3,down,-0.27381148190391624,0.27381148190391624,0.0,0.15120628010941786,True
T47D,E2F1,PGM2L1,down,-0.27790243723287356,0.27790243723287356,0.0,0.15120628010941786,True
T47D,E2F1,TUBA4A,down,-0.23590402195405846,0.23590402195405846,0.0,0.15120628010941786,True
T47D,E2F1,ALDH1A3,down,-0.269135151516742,0.269135151516742,0.0,0.15120628010941786,True
T47D,E2F1,AC133540.1,down,-0.19412280826370437,0.19412280826370437,0.0,0.15120628010941786,True
T47D,E2F1,RTL5,down,-0.24939086988843603,0.24939086988843603,0.0,0.15120628010941786,True
T47D,E2F1,LIMCH1,down,-0.12529080846584234,0.12529080846584234,1.0060435420672002e-183,0.15120628010941786,True
T47D,E2F1,ABCC3,down,-0.23438120422074132,0.23438120422074132,0.0,0.15120628010941786,True
T47D,E2F1,ENC1,down,-0.15536308211504696,0.15536308211504696,1.4413516471545019e-282,0.15120628010941786,True
T47D,E2F1,FAM198B-AS1,down,-0.19037871340286786,0.19037871340286786,0.0,0.15120628010941786,True
T47D,E2F1,PHLDB2,down,-0.2672863080487207,0.2672863080487207,0.0,0.15120628010941786,True
T47D,E2F1,PURPL,down,-0.2864184431806417,0.2864184431806417,0.0,0.15120628010941786,True
T47D,E2F1,GPRC5A,down,-0.18781798816830628,0.18781798816830628,0.0,0.15120628010941786,True
T47D,E2F1,TNFRSF21,down,-0.3379648640380636,0.3379648640380636,0.0,0.15120628010941786,True
T47D,E2F1,SHISA2,down,-0.12552488634844453,0.12552488634844453,2.0787346541467052e-184,0.15120628010941786,True
T47D,E2F1,L1CAM,down,-0.24321743259837883,0.24321743259837883,0.0,0.15120628010941786,True
T47D,E2F1,PPP1R14B-AS1,down,-0.2543585190220677,0.2543585190220677,0.0,0.15120628010941786,True
T47D,E2F1,IZUMO4,down,-0.29752552604880955,0.29752552604880955,0.0,0.15120628010941786,True
T47D,E2F1,FGF12,down,-0.21988384691041601,0.21988384691041601,0.0,0.15120628010941786,True
T47D,E2F1,COL16A1,down,-0.2761317145128447,0.2761317145128447,0.0,0.15120628010941786,True
T47D,E2F1,GRHL3,down,-0.3022744985388289,0.3022744985388289,0.0,0.15120628010941786,True
T47D,E2F1,IRF9,down,-0.20889473955450522,0.20889473955450522,0.0,0.15120628010941786,True
T47D,E2F1,RND1,down,-0.1407161837984534,0.1407161837984534,1.1183137000628529e-231,0.15120628010941786,True
T47D,E2F1,GASK1B,down,-0.16821647723215258,0.16821647723215258,0.0,0.15120628010941786,True
T47D,E2F1,H2BC4,down,-0.1771353541638816,0.1771353541638816,0.0,0.15120628010941786,True
T47D,E2F1,ENTPD8,down,-0.3697724206384227,0.3697724206384227,0.0,0.15120628010941786,True
T47D,E2F1,BIRC3,down,-0.2732204840650492,0.2732204840650492,0.0,0.15120628010941786,True
T47D,E2F1,AC093001.1,down,-0.19640299692908095,0.19640299692908095,0.0,0.15120628010941786,True
T47D,E2F1,NABP1,down,-0.20940309946643754,0.20940309946643754,0.0,0.15120628010941786,True
T47D,E2F1,PCDH7,down,-0.2852560551952419,0.2852560551952419,0.0,0.15120628010941786,True
T47D,E2F1,TM4SF1,down,-0.3388692563536727,0.3388692563536727,0.0,0.15120628010941786,True
T47D,E2F1,SLCO3A1,down,-0.28277777808525306,0.28277777808525306,0.0,0.15120628010941786,True
T47D,E2F1,SAMD4A,down,-0.13533909978776745,0.13533909978776745,2.6179413243255887e-214,0.15120628010941786,True
T47D,JUN,RND1,down,0.10359195137789184,0.10359195137789184,6.312362253260444e-126,-0.11324773100077126,True
T47D,MYC,NCMAP,up,0.11404877846642235,0.11404877846642235,2.2251599825329784e-152,-0.10005763965154964,False
T47D,MYC,S1PR5,up,0.10808007713478586,0.10808007713478586,5.811424049296877e-137,-0.10005763965154964,False
T47D,MYC,CPT1C,up,0.11746072146672128,0.11746072146672128,1.424093474645618e-161,-0.10005763965154964,False
T47D,MYC,SEMA6B,up,0.10109459633766012,0.10109459633766012,5.4277562116097344e-120,-0.10005763965154964,False
T47D,MYC,MAP2K6,up,0.11709319198168229,0.11709319198168229,1.4362444154188463e-160,-0.10005763965154964,False
T47D,MYC,CCDC88A,up,0.10236088105000074,0.10236088105000074,5.546032871605677e-123,-0.10005763965154964,False
T47D,MYC,CRABP1,up,0.11131063175894977,0.11131063175894977,3.349717027777875e-145,-0.10005763965154964,False
T47D,MYC,PDE4A,up,0.11583608439471879,0.11583608439471879,3.680502041761302e-157,-0.10005763965154964,False
T47D,MYC,ECHDC3,up,0.11251856738250997,0.11251856738250997,2.4019955967213463e-148,-0.10005763965154964,False
T47D,MYC,BCL2,up,0.11759004449262525,0.11759004449262525,6.303793680518589e-162,-0.10005763965154964,False
T47D,MYC,MKI67,up,-0.10927071201534068,0.10927071201534068,5.708130811726399e-140,-0.10005763965154964,True
T47D,MYC,TOP2A,up,-0.1116266997258708,0.1116266997258708,5.076773023328632e-146,-0.10005763965154964,True
T47D,MYC,CENPF,up,-0.10871051698929989,0.10871051698929989,1.4991727264096365e-138,-0.10005763965154964,True
T47D,MYC,AL662884.3,up,0.11239469540138576,0.11239469540138576,5.06554565354915e-148,-0.10005763965154964,False
T47D,MYC,MT1X,up,0.110710140028596,0.110710140028596,1.1892382028698523e-143,-0.10005763965154964,False
T47D,MYC,SLC18B1,up,0.12043332669685071,0.12043332669685071,8.26075911147816e-170,-0.10005763965154964,False
T47D,MYC,CCDC28B,up,0.10184773235055065,0.10184773235055065,9.130008828258355e-122,-0.10005763965154964,False
T47D,MYC,GPR37L1,up,0.11325885137886706,0.11325885137886706,2.731172402878235e-150,-0.10005763965154964,False
T47D,MYC,MT1F,up,0.11573036162524979,0.11573036162524979,7.093467322123302e-157,-0.10005763965154964,False
T47D,MYC,C15orf48,down,-0.10234056829011393,0.10234056829011393,6.198046777486882e-123,-0.10005763965154964,False
T47D,MYC,COL5A1,down,-0.10211218308849643,0.10211218308849643,2.1593925893821624e-122,-0.10005763965154964,False
T47D,MYC,KIF5C,down,-0.10080773718934151,0.10080773718934151,2.5518049505241354e-119,-0.10005763965154964,False
T47D,MYC,GRHL3,down,-0.10077452598364507,0.10077452598364507,3.0517525754123e-119,-0.10005763965154964,False
T47D,TP53,NCMAP,up,0.22710176728057263,0.22710176728057263,0.0,0.08129648037903732,True
T47D,TP53,H4C3,up,0.16763885995965927,0.16763885995965927,0.0,0.08129648037903732,True
T47D,TP53,S1PR5,up,0.20165671499068227,0.20165671499068227,0.0,0.08129648037903732,True
T47D,TP53,H1-5,up,0.22615181055580927,0.22615181055580927,0.0,0.08129648037903732,True
T47D,TP53,MIR924HG,up,0.13393169803233737,0.13393169803233737,7.055383053640252e-210,0.08129648037903732,True
T47D,TP53,NXPH3,up,0.12012933686820634,0.12012933686820634,5.875095524625542e-169,0.08129648037903732,True
T47D,TP53,CPT1C,up,0.22861263030339773,0.22861263030339773,0.0,0.08129648037903732,True
T47D,TP53,TNFAIP8L1,up,0.19624631828572736,0.19624631828572736,0.0,0.08129648037903732,True
T47D,TP53,ITGA2B,up,0.15611571421218107,0.15611571421218107,2.5210187326887514e-285,0.08129648037903732,True
T47D,TP53,ZNF710-AS1,up,0.13025843207284954,0.13025843207284954,1.536744528927322e-198,0.08129648037903732,True
T47D,TP53,SEMA6B,up,0.21639507541419273,0.21639507541419273,0.0,0.08129648037903732,True
T47D,TP53,MAP2K6,up,0.19932692618457326,0.19932692618457326,0.0,0.08129648037903732,True
T47D,TP53,NRM,up,0.2022102067824718,0.2022102067824718,0.0,0.08129648037903732,True
T47D,TP53,PIF1,up,0.2047182991831899,0.2047182991831899,0.0,0.08129648037903732,True
T47D,TP53,DEPDC1B,up,0.11768197874002313,0.11768197874002313,3.5297973139980243e-162,0.08129648037903732,True
T47D,TP53,CCDC88A,up,0.2144770545718987,0.2144770545718987,0.0,0.08129648037903732,True
T47D,TP53,FBXO17,up,0.14550516643199043,0.14550516643199043,9.703631469104247e-248,0.08129648037903732,True
T47D,TP53,SLFN11,up,0.20375807063529228,0.20375807063529228,0.0,0.08129648037903732,True
T47D,TP53,YBX2,up,0.12314166829987346,0.12314166829987346,1.6930229848525268e-177,0.08129648037903732,True
T47D,TP53,CRABP1,up,0.2127943099253777,0.2127943099253777,0.0,0.08129648037903732,True
T47D,TP53,PDE4A,up,0.23770725660636638,0.23770725660636638,0.0,0.08129648037903732,True
T47D,TP53,NUSAP1,up,0.1978172793879193,0.1978172793879193,0.0,0.08129648037903732,True
T47D,TP53,ECHDC3,up,0.21136127917703787,0.21136127917703787,0.0,0.08129648037903732,True
T47D,TP53,BCL2,up,0.22091256414040053,0.22091256414040053,0.0,0.08129648037903732,True
T47D,TP53,AURKB,up,0.17279254269725333,0.17279254269725333,0.0,0.08129648037903732,True
T47D,TP53,RIPPLY3,up,0.17994025154142973,0.17994025154142973,0.0,0.08129648037903732,True
T47D,TP53,ARHGAP11A,up,0.10531085572714723,0.10531085572714723,4.264933166926996e-130,0.08129648037903732,True
T47D,TP53,TNFRSF18,up,0.13225395596148445,0.13225395596148445,1.1682697366065883e-204,0.08129648037903732,True
T47D,TP53,H1-3,up,0.21374697511854227,0.21374697511854227,0.0,0.08129648037903732,True
T47D,TP53,PRC1,up,0.12945381116264423,0.12945381116264423,4.2336506845990495e-196,0.08129648037903732,True
T47D,TP53,SYCE2,up,0.22132222527432172,0.22132222527432172,0.0,0.08129648037903732,True
T47D,TP53,SKP2,up,0.19371830770430185,0.19371830770430185,0.0,0.08129648037903732,True
T47D,TP53,CDC25C,up,0.2015858340098788,0.2015858340098788,0.0,0.08129648037903732,True
T47D,TP53,KIF15,up,0.17041608635691563,0.17041608635691563,0.0,0.08129648037903732,True
T47D,TP53,NCAPH,up,0.16311437266544881,0.16311437266544881,0.0,0.08129648037903732,True
T47D,TP53,NUF2,up,0.13588975508525583,0.13588975508525583,4.692717667055939e-216,0.08129648037903732,True
T47D,TP53,ESPL1,up,0.16735085877337086,0.16735085877337086,0.0,0.08129648037903732,True
T47D,TP53,KIF14,up,0.12949767960301276,0.12949767960301276,3.1194688400806726e-196,0.08129648037903732,True
T47D,TP53,MT2A,up,0.11630727421879973,0.11630727421879973,1.961920155666208e-158,0.08129648037903732,True
T47D,TP53,CIT,up,0.14420808030301804,0.14420808030301804,2.468346253659115e-243,0.08129648037903732,True
T47D,TP53,SPC25,up,0.197261576015477,0.197261576015477,0.0,0.08129648037903732,True
T47D,TP53,PLK1,up,0.13298031803436608,0.13298031803436608,6.551908914384133e-207,0.08129648037903732,True
T47D,TP53,RADIL,up,0.15088277380699344,0.15088277380699344,1.9202402287222325e-266,0.08129648037903732,True
T47D,TP53,MELK,up,0.16099962974811646,0.16099962974811646,1.478750780557897e-303,0.08129648037903732,True
T47D,TP53,NEIL3,up,0.22537968740970643,0.22537968740970643,0.0,0.08129648037903732,True
T47D,TP53,KNL1,up,0.13884689242171916,0.13884689242171916,1.46703746601843e-225,0.08129648037903732,True
T47D,TP53,AL662884.3,up,0.22072031350643304,0.22072031350643304,0.0,0.08129648037903732,True
T47D,TP53,RIBC2,up,0.1538911257856842,0.1538911257856842,3.241858492178241e-277,0.08129648037903732,True
T47D,TP53,SPC24,up,0.18138642984188677,0.18138642984188677,0.0,0.08129648037903732,True
T47D,TP53,MT1X,up,0.2269315126162084,0.2269315126162084,0.0,0.08129648037903732,True
T47D,TP53,TROAP,up,0.1519304770621878,0.1519304770621878,3.604881356130472e-270,0.08129648037903732,True
T47D,TP53,ARHGEF39,up,0.19144283978337479,0.19144283978337479,0.0,0.08129648037903732,True
T47D,TP53,SLC18B1,up,0.21368846442071032,0.21368846442071032,0.0,0.08129648037903732,True
T47D,TP53,NMU,up,0.19110378035258294,0.19110378035258294,0.0,0.08129648037903732,True
T47D,TP53,MND1,up,0.13774266054214282,0.13774266054214282,5.5021593632540974e-222,0.08129648037903732,True
T47D,TP53,KIF2C,up,0.16108064097443597,0.16108064097443597,7.2862444848883085e-304,0.08129648037903732,True
T47D,TP53,KIF18B,up,0.20165019581797222,0.20165019581797222,0.0,0.08129648037903732,True
T47D,TP53,PIMREG,up,0.18473254335575282,0.18473254335575282,0.0,0.08129648037903732,True
T47D,TP53,BCYRN1,up,0.10747203877141057,0.10747203877141057,1.9379447484353436e-135,0.08129648037903732,True
T47D,TP53,AC026401.3,up,0.21124543257220463,0.21124543257220463,0.0,0.08129648037903732,True
T47D,TP53,KIF11,up,0.11049010179305237,0.11049010179305237,4.37709415424224e-143,0.08129648037903732,True
T47D,TP53,CCDC28B,up,0.20020207444485102,0.20020207444485102,0.0,0.08129648037903732,True
T47D,TP53,FAM72D,up,0.2062294980933623,0.2062294980933623,0.0,0.08129648037903732,True
T47D,TP53,MPP2,up,0.1511829524784401,0.1511829524784401,1.6536237088915777e-267,0.08129648037903732,True
T47D,TP53,WDR76,up,0.19939677567180164,0.19939677567180164,0.0,0.08129648037903732,True
T47D,TP53,GPR37L1,up,0.21836230119296132,0.21836230119296132,0.0,0.08129648037903732,True
T47D,TP53,KIF20A,up,0.15338960511929892,0.15338960511929892,2.0995994735391828e-275,0.08129648037903732,True
T47D,TP53,MT1F,up,0.20968328522427307,0.20968328522427307,0.0,0.08129648037903732,True
T47D,TP53,TIFA,up,0.2022477350540062,0.2022477350540062,0.0,0.08129648037903732,True
T47D,TP53,GAS2L3,up,0.13802955704914902,0.13802955704914902,6.527912112241246e-223,0.08129648037903732,True
T47D,TP53,CDC20,up,0.11822569215106164,0.11822569215106164,1.1327388246966451e-163,0.08129648037903732,True
T47D,TP53,FOXM1,up,0.16873621725343746,0.16873621725343746,0.0,0.08129648037903732,True
T47D,TP53,FAM72B,up,0.2241850220580294,0.2241850220580294,0.0,0.08129648037903732,True
T47D,TP53,GINS1,up,0.13225416656677352,0.13225416656677352,1.1665201791875874e-204,0.08129648037903732,True
T47D,TP53,NCF2,down,-0.11565909850949366,0.11565909850949366,1.1035235445900803e-156,0.08129648037903732,True
T47D,TP53,ANKRD1,down,-0.20713918714228713,0.20713918714228713,0.0,0.08129648037903732,True
T47D,TP53,KLK5,down,-0.21282770563772618,0.21282770563772618,0.0,0.08129648037903732,True
T47D,TP53,IVL,down,-0.10014883565186192,0.10014883565186192,8.781459941082654e-118,0.08129648037903732,True
T47D,TP53,DAPP1,down,-0.1330183721849424,0.1330183721849424,4.9897324984110915e-207,0.08129648037903732,True
T47D,TP53,CAPN8,down,-0.13330238966441574,0.13330238966441574,6.517922049547261e-208,0.08129648037903732,True
T47D,TP53,TGFB2,down,-0.14898661328365373,0.14898661328365373,9.101740418652037e-260,0.08129648037903732,True
T47D,TP53,FLRT3,down,-0.13563154038891942,0.13563154038891942,3.099764170896843e-215,0.08129648037903732,True
T47D,TP53,IFIT2,down,-0.12687017268995932,0.12687017268995932,2.272515632768515e-188,0.08129648037903732,True
T47D,TP53,ANXA1,down,-0.16060536733740424,0.16060536733740424,4.608649380679677e-302,0.08129648037903732,True
T47D,TP53,TNFSF15,down,-0.12297156021167317,0.12297156021167317,5.20874297910702e-177,0.08129648037903732,True
T47D,TP53,NRP1,down,-0.15868920326412378,0.15868920326412378,7.382946667755605e-295,0.08129648037903732,True
T47D,TP53,UPK2,down,-0.19894822043717914,0.19894822043717914,0.0,0.08129648037903732,True
T47D,TP53,TMEM140,down,-0.13619196584258494,0.13619196584258494,5.1258880813979974e-217,0.08129648037903732,True
T47D,TP53,HOPX,down,-0.14093446499712686,0.14093446499712686,2.1312141442454688e-232,0.08129648037903732,True
T47D,TP53,CDK6,down,-0.18851249260490208,0.18851249260490208,0.0,0.08129648037903732,True
T47D,TP53,LAMC2,down,-0.14762752538130744,0.14762752538130744,4.895842258970393e-255,0.08129648037903732,True
T47D,TP53,ATP13A4,down,-0.14974445351435556,0.14974445351435556,2.0025817205807012e-262,0.08129648037903732,True
T47D,TP53,FYB2,down,-0.12906336587884795,0.12906336587884795,6.385089919032652e-195,0.08129648037903732,True
T47D,TP53,NTN4,down,-0.20308010392394146,0.20308010392394146,0.0,0.08129648037903732,True
T47D,TP53,GPR87,down,-0.15276962746879594,0.15276962746879594,3.5707365206204725e-273,0.08129648037903732,True
T47D,TP53,EGLN3,down,-0.20809912976258468,0.20809912976258468,0.0,0.08129648037903732,True
T47D,TP53,CYP1A1,down,-0.14397268514482564,0.14397268514482564,1.5399596969315295e-242,0.08129648037903732,True
T47D,TP53,PRSS23,down,-0.15642795537669246,0.15642795537669246,1.793128240307028e-286,0.08129648037903732,True
T47D,TP53,MAP1B,down,-0.16798577763138509,0.16798577763138509,0.0,0.08129648037903732,True
T47D,TP53,SYBU,down,-0.14049543188046001,0.14049543188046001,5.96307892910205e-231,0.08129648037903732,True
T47D,TP53,KMO,down,-0.15380788412682792,0.15380788412682792,6.484349117681957e-277,0.08129648037903732,True
T47D,TP53,PSCA,down,-0.15911864394031275,0.15911864394031275,1.8258243570755865e-296,0.08129648037903732,True
T47D,TP53,ANXA3,down,-0.10660541119201888,0.10660541119201888,2.773225458570307e-133,0.08129648037903732,True
T47D,TP53,COL21A1,down,-0.21172731304378775,0.21172731304378775,0.0,0.08129648037903732,True
T47D,TP53,SLC6A14,down,-0.1559980253539973,0.1559980253539973,6.817716502972145e-285,0.08129648037903732,True
T47D,TP53,DUSP10,down,-0.14447412769360965,0.14447412769360965,3.105562529196672e-244,0.08129648037903732,True
T47D,TP53,MACC1,down,-0.10571891692112217,0.10571891692112217,4.262198406580968e-131,0.08129648037903732,True
T47D,TP53,C15orf48,down,-0.21564103262965365,0.21564103262965365,0.0,0.08129648037903732,True
T47D,TP53,CDKN2B,down,-0.11244997791377626,0.11244997791377626,3.6311993001615504e-148,0.08129648037903732,True
T47D,TP53,COL5A1,down,-0.22280031381969947,0.22280031381969947,0.0,0.08129648037903732,True
T47D,TP53,KIF5C,down,-0.22257553260339125,0.22257553260339125,0.0,0.08129648037903732,True
T47D,TP53,MAF,down,-0.15051717272598447,0.15051717272598447,3.7790364117591523e-265,0.08129648037903732,True
T47D,TP53,LAMB3,down,-0.12830690215289922,0.12830690215289922,1.1964573803908642e-192,0.08129648037903732,True
T47D,TP53,PGM2L1,down,-0.12940430932194738,0.12940430932194738,5.974836915232888e-196,0.08129648037903732,True
T47D,TP53,TUBA4A,down,-0.13606760064335768,0.13606760064335768,1.2757794324163304e-216,0.08129648037903732,True
T47D,TP53,ALDH1A3,down,-0.19790916542967615,0.19790916542967615,0.0,0.08129648037903732,True
T47D,TP53,AC133540.1,down,-0.13446558527664493,0.13446558527664493,1.490948721726495e-211,0.08129648037903732,True
T47D,TP53,RTL5,down,-0.1359176114834649,0.1359176114834649,3.827154793110349e-216,0.08129648037903732,True
T47D,TP53,ABCC3,down,-0.10899494353987307,0.10899494353987307,2.8584796637405843e-139,0.08129648037903732,True
T47D,TP53,FAM198B-AS1,down,-0.12723516382599503,0.12723516382599503,1.8804469936021226e-189,0.08129648037903732,True
T47D,TP53,PHLDB2,down,-0.12009702204693154,0.12009702204693154,7.235257132376934e-169,0.08129648037903732,True
T47D,TP53,PURPL,down,-0.13414903201577505,0.13414903201577505,1.4705259129322886e-210,0.08129648037903732,True
T47D,TP53,GPRC5A,down,-0.1330569623276155,0.1330569623276155,3.785165029545173e-207,0.08129648037903732,True
T47D,TP53,TNFRSF21,down,-0.1862763376670087,0.1862763376670087,0.0,0.08129648037903732,True
T47D,TP53,L1CAM,down,-0.14212255740924853,0.14212255740924853,2.45314696297888e-236,0.08129648037903732,True
T47D,TP53,PPP1R14B-AS1,down,-0.12032403745243041,0.12032403745243041,1.6733255186637016e-169,0.08129648037903732,True
T47D,TP53,IZUMO4,down,-0.14179708047462714,0.14179708047462714,2.9661961596206118e-235,0.08129648037903732,True
T47D,TP53,FGF12,down,-0.1433923647107061,0.1433923647107061,1.3864607376638505e-240,0.08129648037903732,True
T47D,TP53,COL16A1,down,-0.14434837254434132,0.14434837254434132,8.277376325764815e-244,0.08129648037903732,True
T47D,TP53,GRHL3,down,-0.21609002909197236,0.21609002909197236,0.0,0.08129648037903732,True
T47D,TP53,GASK1B,down,-0.11531954217007286,0.11531954217007286,9.028144070875882e-156,0.08129648037903732,True
T47D,TP53,ENTPD8,down,-0.20486227121492678,0.20486227121492678,0.0,0.08129648037903732,True
T47D,TP53,BIRC3,down,-0.11950067000761529,0.11950067000761529,3.3417390294337184e-167,0.08129648037903732,True
T47D,TP53,PCDH7,down,-0.1345795511299584,0.1345795511299584,6.531375601158681e-212,0.08129648037903732,True
T47D,TP53,TM4SF1,down,-0.1999025984423085,0.1999025984423085,0.0,0.08129648037903732,True
T47D,TP53,SLCO3A1,down,-0.13384616994295964,0.13384616994295964,1.3068393282421418e-209,0.08129648037903732,True
T47D,FOS,NCMAP,up,0.19390782810469023,0.19390782810469023,0.0,-0.05080527268766491,False
T47D,FOS,S1PR5,up,0.16917401693946785,0.16917401693946785,0.0,-0.05080527268766491,False
T47D,FOS,H1-5,up,0.11972275328114322,0.11972275328114322,8.037015233693355e-168,-0.05080527268766491,False
T47D,FOS,SOWAHA,up,0.12858276481516137,0.12858276481516137,1.7810980045002878e-193,-0.05080527268766491,False
T47D,FOS,PLA2G3,up,0.16050223304536243,0.16050223304536243,1.131531267164382e-301,-0.05080527268766491,False
T47D,FOS,CPT1C,up,0.16585948881215948,0.16585948881215948,0.0,-0.05080527268766491,False
T47D,FOS,TNFAIP8L1,up,0.12280054948600895,0.12280054948600895,1.609509647764794e-176,-0.05080527268766491,False
T47D,FOS,SEMA6B,up,0.1527198499651441,0.1527198499651441,5.38818717239671e-273,-0.05080527268766491,False
T47D,FOS,MAP2K6,up,0.15348514519378922,0.15348514519378922,9.496236399247292e-276,-0.05080527268766491,False
T47D,FOS,PIF1,up,0.12826881255840292,0.12826881255840292,1.5558574381110485e-192,-0.05080527268766491,False
T47D,FOS,CCDC88A,up,0.15197464050681705,0.15197464050681705,2.5073707974375627e-270,-0.05080527268766491,False
T47D,FOS,CRABP1,up,0.17577587067210942,0.17577587067210942,0.0,-0.05080527268766491,False
T47D,FOS,PDE4A,up,0.1988954193307491,0.1988954193307491,0.0,-0.05080527268766491,False
T47D,FOS,ECHDC3,up,0.10042458359661528,0.10042458359661528,2.0030962775833843e-118,-0.05080527268766491,False
T47D,FOS,BCL2,up,0.18803283620703581,0.18803283620703581,0.0,-0.05080527268766491,False
T47D,FOS,RIPPLY3,up,0.1207083718174399,0.1207083718174399,1.3939372672356998e-170,-0.05080527268766491,False
T47D,FOS,TNFRSF18,up,0.11718050757597398,0.11718050757597398,8.2998333755284e-161,-0.05080527268766491,False
T47D,FOS,H1-3,up,0.10423938739796658,0.10423938739796658,1.728368001940053e-127,-0.05080527268766491,False
T47D,FOS,SYCE2,up,0.14223913946613304,0.14223913946613304,1.0031495571321816e-236,-0.05080527268766491,False
T47D,FOS,RADIL,up,0.12767500113513142,0.12767500113513142,9.243350848931887e-191,-0.05080527268766491,False
T47D,FOS,NEIL3,up,0.11340843281950884,0.11340843281950884,1.1013271618991631e-150,-0.05080527268766491,False
T47D,FOS,AL662884.3,up,0.18577867188747496,0.18577867188747496,0.0,-0.05080527268766491,False
T47D,FOS,MT1X,up,0.1540839363020965,0.1540839363020965,6.497898267729791e-278,-0.05080527268766491,False
T47D,FOS,ARHGEF39,up,0.10283155037134743,0.10283155037134743,4.194947381737625e-124,-0.05080527268766491,False
T47D,FOS,SLC18B1,up,0.13432799285778815,0.13432799285778815,4.0347344587077735e-211,-0.05080527268766491,False
T47D,FOS,PIMREG,up,0.11519504125973165,0.11519504125973165,1.948054308668529e-155,-0.05080527268766491,False
T47D,FOS,CCDC28B,up,0.10035030309777493,0.10035030309777493,2.983890118078561e-118,-0.05080527268766491,False
T47D,FOS,MPP2,up,0.12620367804884655,0.12620367804884655,2.1109823766923058e-186,-0.05080527268766491,False
T47D,FOS,GPR37L1,up,0.18704545282480747,0.18704545282480747,0.0,-0.05080527268766491,False
T47D,FOS,MT1F,up,0.2145119430191208,0.2145119430191208,0.0,-0.05080527268766491,False
T47D,FOS,TIFA,up,0.10572237436053956,0.10572237436053956,4.179666327858064e-131,-0.05080527268766491,False
T47D,FOS,FAM72B,up,0.11162020131099662,0.11162020131099662,5.27787489849603e-146,-0.05080527268766491,False
T47D,FOS,NCF2,down,-0.12001474300497496,0.12001474300497496,1.2291769279214771e-168,-0.05080527268766491,False
T47D,FOS,ANKRD1,down,-0.18821561410712906,0.18821561410712906,0.0,-0.05080527268766491,False
T47D,FOS,KLK5,down,-0.11283476316211562,0.11283476316211562,3.5623469182722853e-149,-0.05080527268766491,False
T47D,FOS,DAPP1,down,-0.10432254696184118,0.10432254696184118,1.086966257369175e-127,-0.05080527268766491,False
T47D,FOS,TGFB2,down,-0.15317103339994875,0.15317103339994875,1.2871106209396137e-274,-0.05080527268766491,False
T47D,FOS,NRP1,down,-0.11961959939335588,0.11961959939335588,1.5584741903167148e-167,-0.05080527268766491,False
T47D,FOS,UPK2,down,-0.13360102019736586,0.13360102019736586,7.630570930488476e-209,-0.05080527268766491,False
T47D,FOS,HOPX,down,-0.10479967094078038,0.10479967094078038,7.540761943142887e-129,-0.05080527268766491,False
T47D,FOS,LAMC2,down,-0.14170854597514887,0.14170854597514887,5.83718026451947e-235,-0.05080527268766491,False
T47D,FOS,FYB2,down,-0.11465903358693723,0.11465903358693723,5.2886769387687485e-154,-0.05080527268766491,False
T47D,FOS,NTN4,down,-0.10637965722095083,0.10637965722095083,1.0036959087912452e-132,-0.05080527268766491,False
T47D,FOS,GPR87,down,-0.11201283755537483,0.11201283755537483,5.026720157655556e-147,-0.05080527268766491,False
T47D,FOS,EGLN3,down,-0.1814503904235125,0.1814503904235125,0.0,-0.05080527268766491,False
T47D,FOS,CYP1A1,down,-0.13411427096726916,0.13411427096726916,1.890071663924592e-210,-0.05080527268766491,False
T47D,FOS,SYBU,down,-0.12268386831570012,0.12268386831570012,3.472106171523598e-176,-0.05080527268766491,False
T47D,FOS,KMO,down,-0.10376010863604392,0.10376010863604392,2.4848805099364182e-126,-0.05080527268766491,False
T47D,FOS,PSCA,down,-0.1623727692380973,0.1623727692380973,8.662064246883357e-309,-0.05080527268766491,False
T47D,FOS,ANXA3,down,-0.10141492887208278,0.10141492887208278,9.58640036517505e-121,-0.05080527268766491,False
T47D,FOS,SLC6A14,down,-0.15928889831462043,0.15928889831462043,4.199351966662163e-297,-0.05080527268766491,False
T47D,FOS,KIF5C,down,-0.12469508695786054,0.12469508695786054,5.48937471070099e-182,-0.05080527268766491,False
T47D,FOS,TUBA4A,down,-0.1127938554466339,0.1127938554466339,4.561425078136565e-149,-0.05080527268766491,False
T47D,FOS,ALDH1A3,down,-0.16855840894493712,0.16855840894493712,0.0,-0.05080527268766491,False
T47D,FOS,AC133540.1,down,-0.12866945359253928,0.12866945359253928,9.780523237701925e-194,-0.05080527268766491,False
T47D,FOS,RTL5,down,-0.10162581328005514,0.10162581328005514,3.052347218711993e-121,-0.05080527268766491,False
T47D,FOS,LIMCH1,down,-0.1008879297234427,0.1008879297234427,1.6562256408667143e-119,-0.05080527268766491,False
T47D,FOS,FAM198B-AS1,down,-0.11641769910382738,0.11641769910382738,9.852143261632287e-159,-0.05080527268766491,False
T47D,FOS,GPRC5A,down,-0.11206062133388923,0.11206062133388923,3.7736159337791543e-147,-0.05080527268766491,False
T47D,FOS,L1CAM,down,-0.1086846093333139,0.1086846093333139,1.7430640433803703e-138,-0.05080527268766491,False
T47D,FOS,FGF12,down,-0.13449232069097844,0.13449232069097844,1.2285694943037704e-211,-0.05080527268766491,False
T47D,FOS,COL16A1,down,-0.11309904587189439,0.11309904587189439,7.197031347297866e-150,-0.05080527268766491,False
T47D,FOS,GRHL3,down,-0.1819149283802354,0.1819149283802354,0.0,-0.05080527268766491,False
T47D,FOS,GASK1B,down,-0.10122492084549795,0.10122492084549795,2.682720862487712e-120,-0.05080527268766491,False
T47D,FOS,ENTPD8,down,-0.10853098968423455,0.10853098968423455,4.2573726049477287e-138,-0.05080527268766491,False
T47D,FOS,TM4SF1,down,-0.11184586931700503,0.11184586931700503,1.3676855482333183e-146,-0.05080527268766491,False
