gene,direction,cell_lines_supported,mean_log2_fold_change,minimum_adjusted_p_value,absolute_mean_log2_fold_change,comparison,required_cell_lines
NCMAP,up,2,2.9188954,6.204054878505034e-09,2.9188954,REPOP_vs_TIS,2
H4C3,up,2,2.8558727499999996,0.0,2.8558727499999996,REPOP_vs_TIS,2
PHGDH,up,2,2.4988236,0.0,2.4988236,REPOP_vs_TIS,2
S1PR5,up,2,2.4932634499999997,1.0232967457985896e-52,2.4932634499999997,REPOP_vs_TIS,2
H1-5,up,2,2.3121335500000004,0.0008736243463708,2.3121335500000004,REPOP_vs_TIS,2
MIR924HG,up,2,2.18804185,2.1087726430253345e-13,2.18804185,REPOP_vs_TIS,2
NXPH3,up,2,2.18747855,1.2719108829173414e-50,2.18747855,REPOP_vs_TIS,2
HMGB2,up,2,2.1522072999999997,0.0,2.1522072999999997,REPOP_vs_TIS,2
SOWAHA,up,2,2.14976235,1.1484550192001587e-36,2.14976235,REPOP_vs_TIS,2
PLA2G3,up,2,2.09247815,3.514646722665177e-08,2.09247815,REPOP_vs_TIS,2
CPT1C,up,2,2.07264755,1.3618276420960423e-24,2.07264755,REPOP_vs_TIS,2
TNFAIP8L1,up,2,2.06778735,3.84516869357394e-87,2.06778735,REPOP_vs_TIS,2
ITGA2B,up,2,2.0351305650000002,6.810283374659805e-23,2.0351305650000002,REPOP_vs_TIS,2
SMARCA1,up,2,2.01727015,0.0,2.01727015,REPOP_vs_TIS,2
ZNF710-AS1,up,2,2.0161517499999997,8.804713777958774e-55,2.0161517499999997,REPOP_vs_TIS,2
SEMA6B,up,2,2.015917,1.5500688558029502e-67,2.015917,REPOP_vs_TIS,2
MAP2K6,up,2,1.9992993000000001,9.596588823044287e-74,1.9992993000000001,REPOP_vs_TIS,2
NRM,up,2,1.9771555,6.508998724942808e-141,1.9771555,REPOP_vs_TIS,2
PIF1,up,2,1.9719038,8.444888145818421e-104,1.9719038,REPOP_vs_TIS,2
ASPM,up,2,1.9386575499999998,0.0,1.9386575499999998,REPOP_vs_TIS,2
DEPDC1B,up,2,1.9361484999999998,7.020638948060128e-106,1.9361484999999998,REPOP_vs_TIS,2
CCDC88A,up,2,1.93245995,5.912863355067912e-14,1.93245995,REPOP_vs_TIS,2
FBXO17,up,2,1.9174063499999998,0.0,1.9174063499999998,REPOP_vs_TIS,2
SLFN11,up,2,1.915575365,2.659106665417391e-28,1.915575365,REPOP_vs_TIS,2
YBX2,up,2,1.9147101000000002,0.0,1.9147101000000002,REPOP_vs_TIS,2
CRABP1,up,2,1.8960902000000002,2.068999017061428e-74,1.8960902000000002,REPOP_vs_TIS,2
PDE4A,up,2,1.8904808499999999,2.0889581259253648e-21,1.8904808499999999,REPOP_vs_TIS,2
PTTG1,up,2,1.8806817,0.0,1.8806817,REPOP_vs_TIS,2
NUSAP1,up,2,1.87937195,6.611976434405517e-85,1.87937195,REPOP_vs_TIS,2
ECHDC3,up,2,1.8753074699999999,1.8135798405063784e-20,1.8753074699999999,REPOP_vs_TIS,2
BCL2,up,2,1.8690641499999998,6.602744492877326e-162,1.8690641499999998,REPOP_vs_TIS,2
AURKB,up,2,1.86532355,0.0,1.86532355,REPOP_vs_TIS,2
RIPPLY3,up,2,1.8562568499999998,8.020478593414645e-156,1.8562568499999998,REPOP_vs_TIS,2
ARHGAP11A,up,2,1.8536927,0.0,1.8536927,REPOP_vs_TIS,2
TNFRSF18,up,2,1.8499333,5.778047774004537e-41,1.8499333,REPOP_vs_TIS,2
H1-3,up,2,1.8497715499999998,3.7326330731903165e-77,1.8497715499999998,REPOP_vs_TIS,2
PRC1,up,2,1.84561135,0.0,1.84561135,REPOP_vs_TIS,2
MKI67,up,2,1.8454272499999997,0.0,1.8454272499999997,REPOP_vs_TIS,2
SYCE2,up,2,1.8316876,4.5614090153776476e-10,1.8316876,REPOP_vs_TIS,2
TOP2A,up,2,1.82770655,0.0,1.82770655,REPOP_vs_TIS,2
PRR11,up,2,1.81448675,0.0,1.81448675,REPOP_vs_TIS,2
SKP2,up,2,1.81271775,1.1681357239487405e-78,1.81271775,REPOP_vs_TIS,2
CDC25C,up,2,1.8122099,2.671555288631609e-79,1.8122099,REPOP_vs_TIS,2
KIF15,up,2,1.80824845,8.879136168379974e-209,1.80824845,REPOP_vs_TIS,2
NCAPH,up,2,1.7987042,0.0,1.7987042,REPOP_vs_TIS,2
DHTKD1,up,2,1.79152355,0.0,1.79152355,REPOP_vs_TIS,2
NUF2,up,2,1.7774063,1.939983020139086e-295,1.7774063,REPOP_vs_TIS,2
CCNA2,up,2,1.7528931,0.0,1.7528931,REPOP_vs_TIS,2
ESPL1,up,2,1.73990475,4.4967518521986385e-222,1.73990475,REPOP_vs_TIS,2
KIF14,up,2,1.7359987500000003,0.0,1.7359987500000003,REPOP_vs_TIS,2
MT2A,up,2,1.72045255,2.7059872237175293e-131,1.72045255,REPOP_vs_TIS,2
PLOD2,up,2,1.7177486499999999,0.0,1.7177486499999999,REPOP_vs_TIS,2
CBX5,up,2,1.7052025499999999,0.0,1.7052025499999999,REPOP_vs_TIS,2
CIT,up,2,1.70393393,1.6209726637809516e-165,1.70393393,REPOP_vs_TIS,2
SPC25,up,2,1.6952841,4.758646405682607e-162,1.6952841,REPOP_vs_TIS,2
PLK1,up,2,1.68591245,0.0,1.68591245,REPOP_vs_TIS,2
RADIL,up,2,1.67957505,1.824555556536048e-14,1.67957505,REPOP_vs_TIS,2
CENPF,up,2,1.6778961000000001,0.0,1.6778961000000001,REPOP_vs_TIS,2
PBK,up,2,1.6730605500000002,5.8433158439023565e-298,1.6730605500000002,REPOP_vs_TIS,2
MELK,up,2,1.6672402,3.3964672065866284e-299,1.6672402,REPOP_vs_TIS,2
NEIL3,up,2,1.6646172,5.168460118035162e-29,1.6646172,REPOP_vs_TIS,2
KNL1,up,2,1.6610318,5.3288960760892276e-225,1.6610318,REPOP_vs_TIS,2
AL662884.3,up,2,1.6548604,2.3631521949447606e-07,1.6548604,REPOP_vs_TIS,2
RIBC2,up,2,1.64851205,2.3012212274803563e-21,1.64851205,REPOP_vs_TIS,2
SPC24,up,2,1.6448909999999999,1.1214506045453558e-170,1.6448909999999999,REPOP_vs_TIS,2
MT1X,up,2,1.6438302500000002,4.5396670703178065e-42,1.6438302500000002,REPOP_vs_TIS,2
TROAP,up,2,1.642864915,8.895801435266768e-288,1.642864915,REPOP_vs_TIS,2
LMNB1,up,2,1.63531245,0.0,1.63531245,REPOP_vs_TIS,2
ARHGEF39,up,2,1.63324055,4.593410014285169e-122,1.63324055,REPOP_vs_TIS,2
SLC18B1,up,2,1.62843163,1.1789179429523615e-10,1.62843163,REPOP_vs_TIS,2
RRM2,up,2,1.61299135,0.0,1.61299135,REPOP_vs_TIS,2
NMU,up,2,1.6083964000000002,2.157702708236655e-62,1.6083964000000002,REPOP_vs_TIS,2
MND1,up,2,1.60509115,1.6237626516743284e-126,1.60509115,REPOP_vs_TIS,2
KIF2C,up,2,1.6042381,6.314589745468063e-173,1.6042381,REPOP_vs_TIS,2
KIF18B,up,2,1.6003033,1.6166947695559285e-56,1.6003033,REPOP_vs_TIS,2
NUDT3,up,2,1.59705585,0.0,1.59705585,REPOP_vs_TIS,2
PIMREG,up,2,1.5967915499999998,5.208628525497671e-115,1.5967915499999998,REPOP_vs_TIS,2
BCYRN1,up,2,1.593899,1.117006453691781e-292,1.593899,REPOP_vs_TIS,2
AC026401.3,up,2,1.5890615000000001,1.840692385177196e-87,1.5890615000000001,REPOP_vs_TIS,2
KIF11,up,2,1.5890195,0.0,1.5890195,REPOP_vs_TIS,2
ANP32E,up,2,1.5882011,0.0,1.5882011,REPOP_vs_TIS,2
CCDC28B,up,2,1.58061845,1.509121193374817e-18,1.58061845,REPOP_vs_TIS,2
FAM72D,up,2,1.5726309,6.2734104861102e-41,1.5726309,REPOP_vs_TIS,2
MPP2,up,2,1.5702237499999998,1.0954253362464993e-251,1.5702237499999998,REPOP_vs_TIS,2
BIRC5,up,2,1.56756055,0.0,1.56756055,REPOP_vs_TIS,2
CKS1B,up,2,1.5510055500000002,0.0,1.5510055500000002,REPOP_vs_TIS,2
WDR76,up,2,1.54388865,6.096406558317552e-164,1.54388865,REPOP_vs_TIS,2
GPR37L1,up,2,1.541253325,6.6056055128651534e-37,1.541253325,REPOP_vs_TIS,2
HMMR,up,2,1.54016015,0.0,1.54016015,REPOP_vs_TIS,2
KIF20A,up,2,1.5382022,1.9153078508756488e-216,1.5382022,REPOP_vs_TIS,2
MT1F,up,2,1.5332373499999998,2.792033670096427e-24,1.5332373499999998,REPOP_vs_TIS,2
TIFA,up,2,1.52964715,3.925577192688175e-73,1.52964715,REPOP_vs_TIS,2
GAS2L3,up,2,1.52567625,2.5016315536110436e-210,1.52567625,REPOP_vs_TIS,2
CDC20,up,2,1.5251654499999998,5.3962999842146456e-285,1.5251654499999998,REPOP_vs_TIS,2
FOXM1,up,2,1.519883175,0.0,1.519883175,REPOP_vs_TIS,2
FAM72B,up,2,1.51028695,3.2802329258336974e-05,1.51028695,REPOP_vs_TIS,2
PCLAF,up,2,1.50793125,0.0,1.50793125,REPOP_vs_TIS,2
ZWINT,up,2,1.50672185,0.0,1.50672185,REPOP_vs_TIS,2
GINS1,up,2,1.5035946500000001,0.0,1.5035946500000001,REPOP_vs_TIS,2
UBE2C,up,2,1.50154618,1.8022000483883815e-286,1.50154618,REPOP_vs_TIS,2
NCF2,down,2,-13.617767950000001,1.202775933199563e-57,13.617767950000001,REPOP_vs_TIS,2
ANKRD1,down,2,-6.20144845,6.370503804920313e-129,6.20144845,REPOP_vs_TIS,2
KLK5,down,2,-6.14873175,0.0001035020587489,6.14873175,REPOP_vs_TIS,2
IVL,down,2,-5.61945115,4.085456878174933e-127,5.61945115,REPOP_vs_TIS,2
IFI27,down,2,-5.1659925,0.0,5.1659925,REPOP_vs_TIS,2
XAF1,down,2,-5.11294975,0.0,5.11294975,REPOP_vs_TIS,2
DAPP1,down,2,-5.0811597,1.862719333188778e-09,5.0811597,REPOP_vs_TIS,2
CAPN8,down,2,-4.86461615,1.909014240898728e-29,4.86461615,REPOP_vs_TIS,2
IFIT1,down,2,-4.8608133,0.0,4.8608133,REPOP_vs_TIS,2
IFIT3,down,2,-4.8538774,0.0,4.8538774,REPOP_vs_TIS,2
IFI6,down,2,-4.787615499999999,0.0,4.787615499999999,REPOP_vs_TIS,2
TGFB2,down,2,-4.5394821,1.0077758790502132e-113,4.5394821,REPOP_vs_TIS,2
FLRT3,down,2,-4.51123265,3.1679451220319205e-15,4.51123265,REPOP_vs_TIS,2
IFIT2,down,2,-4.479813500000001,1.0044279381486743e-214,4.479813500000001,REPOP_vs_TIS,2
ANXA1,down,2,-4.46990205,1.4770191049096195e-121,4.46990205,REPOP_vs_TIS,2
TNFSF15,down,2,-4.4051937,6.820985654807417e-11,4.4051937,REPOP_vs_TIS,2
NRP1,down,2,-4.16415515,0.0,4.16415515,REPOP_vs_TIS,2
OAS1,down,2,-4.03806805,0.0,4.03806805,REPOP_vs_TIS,2
UPK2,down,2,-3.9700935,2.116118517886001e-143,3.9700935,REPOP_vs_TIS,2
ISG15,down,2,-3.9140354,0.0,3.9140354,REPOP_vs_TIS,2
TMEM140,down,2,-3.83512575,3.373213052147851e-20,3.83512575,REPOP_vs_TIS,2
SAMD9,down,2,-3.7998672,0.0,3.7998672,REPOP_vs_TIS,2
HOPX,down,2,-3.765792,0.0009581788771895,3.765792,REPOP_vs_TIS,2
CDK6,down,2,-3.72871015,9.356441449744818e-80,3.72871015,REPOP_vs_TIS,2
LAMC2,down,2,-3.71647385,3.0129725760452784e-06,3.71647385,REPOP_vs_TIS,2
ATP13A4,down,2,-3.6791631000000002,0.0036946128007334,3.6791631000000002,REPOP_vs_TIS,2
FYB2,down,2,-3.63270985,1.7833056389838321e-87,3.63270985,REPOP_vs_TIS,2
CLDN1,down,2,-3.3503992499999997,0.0,3.3503992499999997,REPOP_vs_TIS,2
EPAS1,down,2,-3.27757,5.002798360626599e-80,3.27757,REPOP_vs_TIS,2
NTN4,down,2,-3.2084770000000002,5.469432914941669e-08,3.2084770000000002,REPOP_vs_TIS,2
DDX60,down,2,-3.1837983,1.0984687179288578e-266,3.1837983,REPOP_vs_TIS,2
CALD1,down,2,-3.1744313999999996,1.7187624565490809e-301,3.1744313999999996,REPOP_vs_TIS,2
GPR87,down,2,-3.1689039,2.988071818891301e-193,3.1689039,REPOP_vs_TIS,2
EGLN3,down,2,-3.1241510999999997,2.8377548313537402e-42,3.1241510999999997,REPOP_vs_TIS,2
CYP1A1,down,2,-3.1209024000000003,7.912314990240038e-70,3.1209024000000003,REPOP_vs_TIS,2
PRSS23,down,2,-3.0954115,0.0,3.0954115,REPOP_vs_TIS,2
GBP2,down,2,-3.09220345,4.3736485104410453e-128,3.09220345,REPOP_vs_TIS,2
MAP1B,down,2,-3.0800256,1.200897362947684e-189,3.0800256,REPOP_vs_TIS,2
SYBU,down,2,-3.05389225,1.7275114161526526e-106,3.05389225,REPOP_vs_TIS,2
KMO,down,2,-3.04805765,1.3469819218867748e-108,3.04805765,REPOP_vs_TIS,2
TSPAN1,down,2,-3.04678275,6.759008777396522e-181,3.04678275,REPOP_vs_TIS,2
SYTL2,down,2,-2.9973387,0.0,2.9973387,REPOP_vs_TIS,2
LRRN1,down,2,-2.9668803500000003,6.3387772191314285e-139,2.9668803500000003,REPOP_vs_TIS,2
PSCA,down,2,-2.95467825,6.313333513736782e-19,2.95467825,REPOP_vs_TIS,2
H4C8,down,2,-2.94087065,0.0,2.94087065,REPOP_vs_TIS,2
GPNMB,down,2,-2.9013776,0.0,2.9013776,REPOP_vs_TIS,2
ANXA3,down,2,-2.8906378999999998,0.0,2.8906378999999998,REPOP_vs_TIS,2
COL21A1,down,2,-2.8855707,1.3330261971974762e-05,2.8855707,REPOP_vs_TIS,2
SLC6A14,down,2,-2.88184955,4.054226914867635e-239,2.88184955,REPOP_vs_TIS,2
MYO1B,down,2,-2.87276125,0.0,2.87276125,REPOP_vs_TIS,2
DUSP10,down,2,-2.8622369,1.3391179056407165e-13,2.8622369,REPOP_vs_TIS,2
MACC1,down,2,-2.83357155,0.0,2.83357155,REPOP_vs_TIS,2
C15orf48,down,2,-2.8279254,5.388601141433808e-08,2.8279254,REPOP_vs_TIS,2
CDKN2B,down,2,-2.8015751,0.0,2.8015751,REPOP_vs_TIS,2
COL5A1,down,2,-2.7770152,9.688593430836611e-165,2.7770152,REPOP_vs_TIS,2
KIF5C,down,2,-2.77589605,1.4432629021907049e-71,2.77589605,REPOP_vs_TIS,2
S100A9,down,2,-2.7295494,1.358229435020415e-81,2.7295494,REPOP_vs_TIS,2
MAF,down,2,-2.7008333,1.4067079634755309e-08,2.7008333,REPOP_vs_TIS,2
LAMB3,down,2,-2.6885713,6.7825777825302325e-49,2.6885713,REPOP_vs_TIS,2
BCAS1,down,2,-2.68147325,0.0,2.68147325,REPOP_vs_TIS,2
PGM2L1,down,2,-2.65905325,5.57805657397598e-67,2.65905325,REPOP_vs_TIS,2
TUBA4A,down,2,-2.644273,8.440280105059644e-93,2.644273,REPOP_vs_TIS,2
ALDH1A3,down,2,-2.643018625,2.269639176846638e-112,2.643018625,REPOP_vs_TIS,2
APOD,down,2,-2.6353159,0.0,2.6353159,REPOP_vs_TIS,2
AC133540.1,down,2,-2.6090484,7.716293567735561e-09,2.6090484,REPOP_vs_TIS,2
RTL5,down,2,-2.5789035,1.4084163726888161e-14,2.5789035,REPOP_vs_TIS,2
LIMCH1,down,2,-2.556257,8.829987113384965e-70,2.556257,REPOP_vs_TIS,2
ABCC3,down,2,-2.5320806,0.0,2.5320806,REPOP_vs_TIS,2
DDX58,down,2,-2.45265515,0.0,2.45265515,REPOP_vs_TIS,2
KRT80,down,2,-2.4400741000000004,0.0,2.4400741000000004,REPOP_vs_TIS,2
ENC1,down,2,-2.41824075,0.0,2.41824075,REPOP_vs_TIS,2
FAM198B-AS1,down,2,-2.4141751,5.609491031962404e-18,2.4141751,REPOP_vs_TIS,2
PHLDB2,down,2,-2.4006396,4.441220584576208e-37,2.4006396,REPOP_vs_TIS,2
PURPL,down,2,-2.39720225,3.317361277154685e-05,2.39720225,REPOP_vs_TIS,2
GPRC5A,down,2,-2.3678554,0.0,2.3678554,REPOP_vs_TIS,2
EPHA4,down,2,-2.3669402,1.7367356216625048e-118,2.3669402,REPOP_vs_TIS,2
TNFRSF21,down,2,-2.3545072,1.3976683608459992e-92,2.3545072,REPOP_vs_TIS,2
SHISA2,down,2,-2.35183155,1.1508121909076028e-160,2.35183155,REPOP_vs_TIS,2
PARP9,down,2,-2.3282875499999998,0.0,2.3282875499999998,REPOP_vs_TIS,2
SYT8,down,2,-2.3115324,3.593045406717502e-306,2.3115324,REPOP_vs_TIS,2
SDC2,down,2,-2.2620704000000003,0.0,2.2620704000000003,REPOP_vs_TIS,2
L1CAM,down,2,-2.2591231,0.0,2.2591231,REPOP_vs_TIS,2
PPP1R14B-AS1,down,2,-2.2511325,1.086535816866816e-22,2.2511325,REPOP_vs_TIS,2
IZUMO4,down,2,-2.22357865,9.812698827066825e-13,2.22357865,REPOP_vs_TIS,2
FGF12,down,2,-2.20922595,4.694379013139458e-168,2.20922595,REPOP_vs_TIS,2
COL16A1,down,2,-2.2026871000000003,3.817689827929278e-07,2.2026871000000003,REPOP_vs_TIS,2
GRHL3,down,2,-2.1924429500000002,2.542161283683447e-13,2.1924429500000002,REPOP_vs_TIS,2
IRF9,down,2,-2.1855907,4.801041051639944e-165,2.1855907,REPOP_vs_TIS,2
RND1,down,2,-2.1577549,1.589442281956038e-289,2.1577549,REPOP_vs_TIS,2
GASK1B,down,2,-2.155052285,2.294339067235987e-33,2.155052285,REPOP_vs_TIS,2
H2BC4,down,2,-2.1386352,1.1731915472518711e-145,2.1386352,REPOP_vs_TIS,2
ENTPD8,down,2,-2.12905575,3.4423114198207377e-10,2.12905575,REPOP_vs_TIS,2
BIRC3,down,2,-2.118304,1.4030878590497818e-07,2.118304,REPOP_vs_TIS,2
TUBA1A,down,2,-2.11107495,0.0,2.11107495,REPOP_vs_TIS,2
AC093001.1,down,2,-2.1082038,4.188503351393008e-183,2.1082038,REPOP_vs_TIS,2
NABP1,down,2,-2.10140365,2.749520297651704e-127,2.10140365,REPOP_vs_TIS,2
PCDH7,down,2,-2.0928994,1.018138895319128e-05,2.0928994,REPOP_vs_TIS,2
TM4SF1,down,2,-2.09173565,3.4255249435131546e-78,2.09173565,REPOP_vs_TIS,2
SLCO3A1,down,2,-2.091224,9.616267758750482e-36,2.091224,REPOP_vs_TIS,2
SAMD4A,down,2,-2.0905039,1.6685493866804955e-162,2.0905039,REPOP_vs_TIS,2
