rank,gene,escape_marker_effect,escape_marker_score,escape_marker_direction,trajectory_correlation,trajectory_score,trajectory_direction,differential_expression_effect,de_cell_lines_supported,de_direction,differential_expression_score,regulatory_effect,regulatory_score,transition_model_effect,transition_model_score,transition_model_direction,signature_score,signature_direction,evidence_source_count,available_evidence_weight,priority_score,evidence_sources
1,IFI6,,,,-0.5689972597471107,1.0,decreasing,-4.787615499999999,2.0,lower_in_repop,0.536879567524577,,,,,,1.0,down,3,0.5,0.8147518270098308,trajectory;differential_expression;signature
2,TOP2A,0.6964951753616333,1.0,higher_in_escape_prone,0.4584911953696116,0.6414591178051102,increasing,1.82770655,2.0,higher_in_repop,0.5369781568191161,,,,,,1.0,up,4,0.75,0.7809166065664604,escape_marker;trajectory;differential_expression;signature
3,CLU,,,,-0.5647966521015566,0.986370978104454,decreasing,-1.6971719,2.0,lower_in_repop,0.5343369697918467,,,,,,,,2,0.4,0.7603539739481504,trajectory;differential_expression
4,HMGB2,,,,0.5227446032898896,0.8499316001936461,increasing,2.1522072999999997,2.0,higher_in_repop,0.5435439780109539,,,,,,1.0,up,3,0.5,0.7573902312818401,trajectory;differential_expression;signature
5,MYO1B,,,,,,,-2.87276125,2.0,lower_in_repop,0.5581233846680188,,,,,,1.0,down,2,0.30000000000000004,0.7054155897786791,differential_expression;signature
6,H4C3,,,,,,,2.8558727499999996,2.0,higher_in_repop,0.5577816693678281,,,,,,1.0,up,2,0.30000000000000004,0.705187779578552,differential_expression;signature
7,PHGDH,,,,,,,2.4988236,2.0,higher_in_repop,0.5505572765872329,,,,,,1.0,up,2,0.30000000000000004,0.7003715177248218,differential_expression;signature
8,KRT80,,,,,,,-2.4400741000000004,2.0,lower_in_repop,0.5493685621940925,,,,,,1.0,down,2,0.30000000000000004,0.6995790414627282,differential_expression;signature
9,SDC2,,,,,,,-2.2620704000000003,2.0,lower_in_repop,0.545766904984716,,,,,,1.0,down,2,0.30000000000000004,0.6971779366564773,differential_expression;signature
10,PRC1,,,,,,,1.84561135,2.0,higher_in_repop,0.5373404355358081,,,,,,1.0,up,2,0.30000000000000004,0.6915602903572053,differential_expression;signature
11,DHTKD1,,,,,,,1.79152355,2.0,higher_in_repop,0.5362460441562508,,,,,,1.0,up,2,0.30000000000000004,0.6908306961041671,differential_expression;signature
12,LMNB1,,,,,,,1.63531245,2.0,higher_in_repop,0.5330853298873921,,,,,,1.0,up,2,0.30000000000000004,0.6887235532582613,differential_expression;signature
13,RRM2,,,,,,,1.61299135,2.0,higher_in_repop,0.5326336934846869,,,,,,1.0,up,2,0.30000000000000004,0.6884224623231245,differential_expression;signature
14,NUDT3,,,,,,,1.59705585,2.0,higher_in_repop,0.5323112608135683,,,,,,1.0,up,2,0.30000000000000004,0.6882075072090454,differential_expression;signature
15,KIF11,,,,,,,1.5890195,2.0,higher_in_repop,0.5321486564524535,,,,,,1.0,up,2,0.30000000000000004,0.6880991043016356,differential_expression;signature
16,CKS1B,,,,,,,1.5510055500000002,2.0,higher_in_repop,0.5313794970637757,,,,,,1.0,up,2,0.30000000000000004,0.6875863313758503,differential_expression;signature
17,E2F1,,,,,,,0.9578554,2.0,higher_in_repop,0.2967436772996757,0.1658956985900893,1.0,0.2255862605378652,1.0,supports_repop_prediction,,,3,0.44999999999999996,0.6874416343554115,differential_expression;regulatory;transition_model
18,ZWINT,,,,,,,1.50672185,2.0,higher_in_repop,0.5304834780070771,,,,,,1.0,up,2,0.30000000000000004,0.6869889853380513,differential_expression;signature
19,BCAS1,-0.5580182820558548,0.6609164693702245,lower_in_escape_prone,,,,-2.68147325,2.0,lower_in_repop,0.5542529381308559,,,,,,1.0,down,3,0.55,0.6837812817613224,escape_marker;differential_expression;signature
20,YBX2,,,,,,,1.9147101000000002,2.0,higher_in_repop,0.5253364887579091,,,,,,1.0,up,2,0.30000000000000004,0.6835576591719393,differential_expression;signature
21,ARHGAP11A,,,,,,,1.8536927,2.0,higher_in_repop,0.5194173157202522,,,,,,1.0,up,2,0.30000000000000004,0.6796115438135014,differential_expression;signature
22,CCNA2,,,,,,,1.7528931,2.0,higher_in_repop,0.5083274194178916,,,,,,1.0,up,2,0.30000000000000004,0.6722182796119277,differential_expression;signature
23,MKI67,0.5305404514074326,0.5936324654625107,higher_in_escape_prone,0.4877669077794778,0.7364452148437319,increasing,1.8454272499999997,2.0,higher_in_repop,0.5373367105284501,,,,,,1.0,up,4,0.75,0.6708860019200854,escape_marker;trajectory;differential_expression;signature
24,CENPF,0.5700350850820541,0.6903415951058854,higher_in_escape_prone,0.4508786866698546,0.6167600607868159,increasing,1.6778961000000001,2.0,higher_in_repop,0.5339469507976545,,,,,,1.0,up,4,0.75,0.6703024014578206,escape_marker;trajectory;differential_expression;signature
25,NUF2,,,,,,,1.7774063,2.0,higher_in_repop,0.5013790078127478,,,,,,1.0,up,2,0.30000000000000004,0.6675860052084984,differential_expression;signature
26,ISG15,,,,,,,-3.9140354,2.0,lower_in_repop,0.49986359629949,,,,,,1.0,down,2,0.30000000000000004,0.6665757308663266,differential_expression;signature
27,FBXO17,,,,,,,1.9174063499999998,2.0,higher_in_repop,0.47968703255987916,,,,,,1.0,up,2,0.30000000000000004,0.6531246883732527,differential_expression;signature
28,NCF2,,,,,,,-13.617767950000001,2.0,lower_in_repop,0.47862730326930375,,,,,,1.0,down,2,0.30000000000000004,0.6524182021795357,differential_expression;signature
29,KIF14,,,,,,,1.7359987500000003,2.0,higher_in_repop,0.4754695886946307,,,,,,1.0,up,2,0.30000000000000004,0.6503130591297537,differential_expression;signature
30,ENC1,,,,,,,-2.41824075,2.0,lower_in_repop,0.47452440263403334,,,,,,1.0,down,2,0.30000000000000004,0.6496829350893555,differential_expression;signature
31,H4C8,,,,,,,-2.94087065,2.0,lower_in_repop,0.46917535849191416,,,,,,1.0,down,2,0.30000000000000004,0.6461169056612761,differential_expression;signature
32,PLK1,,,,,,,1.68591245,2.0,higher_in_repop,0.4679836701669559,,,,,,1.0,up,2,0.30000000000000004,0.6453224467779706,differential_expression;signature
33,PBK,,,,,,,1.6730605500000002,2.0,higher_in_repop,0.46316987304267526,,,,,,1.0,up,2,0.30000000000000004,0.6421132486951168,differential_expression;signature
34,CDC20,,,,,,,1.5251654499999998,2.0,higher_in_repop,0.4545407657211437,,,,,,1.0,up,2,0.30000000000000004,0.6363605104807625,differential_expression;signature
35,GINS1,,,,,,,1.5035946500000001,2.0,higher_in_repop,0.4528068858622001,,,,,,1.0,up,2,0.30000000000000004,0.6352045905748,differential_expression;signature
36,NCAPH,,,,,,,1.7987042,2.0,higher_in_repop,0.44562376971010054,,,,,,1.0,up,2,0.30000000000000004,0.6304158464734002,differential_expression;signature
37,RND1,,,,,,,-2.1577549,2.0,lower_in_repop,0.4386584828659722,,,,,,1.0,down,2,0.30000000000000004,0.625772321910648,differential_expression;signature
38,KNL1,,,,,,,1.6610318,2.0,higher_in_repop,0.4363049554273206,,,,,,1.0,up,2,0.30000000000000004,0.6242033036182136,differential_expression;signature
39,UBE2C,,,,,,,1.50154618,2.0,higher_in_repop,0.43024039770999223,,,,,,1.0,up,2,0.30000000000000004,0.6201602651399948,differential_expression;signature
40,IVL,,,,,,,-5.61945115,2.0,lower_in_repop,0.42888512372660026,,,,,,1.0,down,2,0.30000000000000004,0.6192567491510668,differential_expression;signature
41,H2AZ1,0.4525830745697021,0.40274096041983903,higher_in_escape_prone,0.5588633355990263,0.9671201202882573,increasing,1.4563779000000001,2.0,higher_in_repop,0.529464838223376,,,,,,,,3,0.65,0.6153880489342868,escape_marker;trajectory;differential_expression
42,IFI27,,,,-0.4767580003530816,0.700726420559482,decreasing,-5.1659925,2.0,lower_in_repop,0.32875721157596405,,,,,,1.0,down,3,0.5,0.6117934528541784,trajectory;differential_expression;signature
43,KIF20A,,,,,,,1.5382022,2.0,higher_in_repop,0.4127815511996997,,,,,,1.0,up,2,0.30000000000000004,0.6085210341331331,differential_expression;signature
44,SYTL2,,,,,,,-2.9973387,2.0,lower_in_repop,0.41171973253293415,,,,,,1.0,down,2,0.30000000000000004,0.607813155021956,differential_expression;signature
45,GPRC5A,,,,,,,-2.3678554,2.0,lower_in_repop,0.409810267077104,,,,,,1.0,down,2,0.30000000000000004,0.6065401780514027,differential_expression;signature
46,ANXA1,,,,,,,-4.46990205,2.0,lower_in_repop,0.409808087695564,,,,,,1.0,down,2,0.30000000000000004,0.6065387251303759,differential_expression;signature
47,GAS2L3,,,,,,,1.52567625,2.0,higher_in_repop,0.4080120407621071,,,,,,1.0,up,2,0.30000000000000004,0.6053413605080713,differential_expression;signature
48,AURKB,,,,,,,1.86532355,2.0,higher_in_repop,0.40458918273330924,,,,,,1.0,up,2,0.30000000000000004,0.6030594551555394,differential_expression;signature
49,MELK,,,,,,,1.6672402,2.0,higher_in_repop,0.3971359957349894,,,,,,1.0,up,2,0.30000000000000004,0.5980906638233262,differential_expression;signature
50,MACC1,,,,,,,-2.83357155,2.0,lower_in_repop,0.3945452970190536,,,,,,1.0,down,2,0.30000000000000004,0.5963635313460357,differential_expression;signature
51,CIT,,,,,,,1.70393393,2.0,higher_in_repop,0.38686976873107953,,,,,,1.0,up,2,0.30000000000000004,0.5912465124873864,differential_expression;signature
52,ESPL1,,,,,,,1.73990475,2.0,higher_in_repop,0.3789265660833119,,,,,,1.0,up,2,0.30000000000000004,0.5859510440555412,differential_expression;signature
53,BCYRN1,,,,,,,1.593899,2.0,higher_in_repop,0.37773253140762086,,,,,,1.0,up,2,0.30000000000000004,0.5851550209384139,differential_expression;signature
54,NRM,,,,,,,1.9771555,2.0,higher_in_repop,0.3714421951774701,,,,,,1.0,up,2,0.30000000000000004,0.5809614634516467,differential_expression;signature
55,KIF15,,,,,,,1.80824845,2.0,higher_in_repop,0.3706525400304126,,,,,,1.0,up,2,0.30000000000000004,0.5804350266869417,differential_expression;signature
56,KIF2C,,,,,,,1.6042381,2.0,higher_in_repop,0.36745325804504786,,,,,,1.0,up,2,0.30000000000000004,0.5783021720300318,differential_expression;signature
57,H2BC4,,,,,,,-2.1386352,2.0,lower_in_repop,0.3618315266052081,,,,,,1.0,down,2,0.30000000000000004,0.5745543510701387,differential_expression;signature
58,RIPPLY3,,,,,,,1.8562568499999998,2.0,higher_in_repop,0.35686197779534673,,,,,,1.0,up,2,0.30000000000000004,0.5712413185302311,differential_expression;signature
59,L1CAM,,,,,,,-2.2591231,2.0,lower_in_repop,0.353729207179496,,,,,,1.0,down,2,0.30000000000000004,0.5691528047863307,differential_expression;signature
60,PLOD2,,,,,,,1.7177486499999999,2.0,higher_in_repop,0.3525607906006397,,,,,,1.0,up,2,0.30000000000000004,0.5683738604004264,differential_expression;signature
61,SPC24,,,,,,,1.6448909999999999,2.0,higher_in_repop,0.3521199862698137,,,,,,1.0,up,2,0.30000000000000004,0.5680799908465424,differential_expression;signature
62,IFIT1,,,,,,,-4.8608133,2.0,lower_in_repop,0.3507942230529521,,,,,,1.0,down,2,0.30000000000000004,0.5671961487019681,differential_expression;signature
63,TROAP,,,,,,,1.642864915,2.0,higher_in_repop,0.3480115917524801,,,,,,1.0,up,2,0.30000000000000004,0.56534106116832,differential_expression;signature
64,FOXM1,,,,,,,1.519883175,2.0,higher_in_repop,0.3417309731959666,,,,,,1.0,up,2,0.30000000000000004,0.5611539821306443,differential_expression;signature
65,TSPAN1,,,,,,,-3.04678275,2.0,lower_in_repop,0.3384370628627688,,,,,,1.0,down,2,0.30000000000000004,0.5589580419085125,differential_expression;signature
66,PTTG1,0.4509165585041046,0.398660220753574,higher_in_escape_prone,,,,1.8806817,2.0,higher_in_repop,0.5380500352739757,,,,,,1.0,up,3,0.55,0.5586819313512521,escape_marker;differential_expression;signature
67,ANKRD1,,,,,,,-6.20144845,2.0,lower_in_repop,0.33514259446624683,,,,,,1.0,down,2,0.30000000000000004,0.5567617296441645,differential_expression;signature
68,TUBA1B,0.5279414057731628,0.5872682732214988,higher_in_escape_prone,0.4314121331796063,0.5536001310489799,increasing,0.88781987,2.0,higher_in_repop,0.5179608575325344,,,,,,,,3,0.65,0.5555834861871963,escape_marker;trajectory;differential_expression
69,ANXA3,,,,,,,-2.8906378999999998,2.0,lower_in_repop,0.3333341292701042,,,,,,1.0,down,2,0.30000000000000004,0.5555560861800694,differential_expression;signature
70,SHISA2,,,,,,,-2.35183155,2.0,lower_in_repop,0.32778498712737303,,,,,,1.0,down,2,0.30000000000000004,0.5518566580849152,differential_expression;signature
71,EPAS1,,,,,,,-3.27757,2.0,lower_in_repop,0.32677126122716793,,,,,,1.0,down,2,0.30000000000000004,0.5511808408181119,differential_expression;signature
72,MT2A,,,,,,,1.72045255,2.0,higher_in_repop,0.325993351410814,,,,,,1.0,up,2,0.30000000000000004,0.5506622342738758,differential_expression;signature
73,OAS1,,,,,,,-4.03806805,2.0,lower_in_repop,0.3259648034989776,,,,,,1.0,down,2,0.30000000000000004,0.5506432023326516,differential_expression;signature
74,KLK5,,,,,,,-6.14873175,2.0,lower_in_repop,0.32596025518795224,,,,,,1.0,down,2,0.30000000000000004,0.5506401701253014,differential_expression;signature
75,MAP1B,,,,,,,-3.0800256,2.0,lower_in_repop,0.3242170631147472,,,,,,1.0,down,2,0.30000000000000004,0.5494780420764981,differential_expression;signature
76,SAMD9,,,,,,,-3.7998672,2.0,lower_in_repop,0.3201574327737313,,,,,,1.0,down,2,0.30000000000000004,0.5467716218491541,differential_expression;signature
77,CAPN8,,,,,,,-4.86461615,2.0,lower_in_repop,0.3179743738243175,,,,,,1.0,down,2,0.30000000000000004,0.5453162492162116,differential_expression;signature
78,PIMREG,,,,,,,1.5967915499999998,2.0,higher_in_repop,0.31790387020813304,,,,,,1.0,up,2,0.30000000000000004,0.545269246805422,differential_expression;signature
79,PRSS23,,,,,,,-3.0954115,2.0,lower_in_repop,0.3131916057512886,,,,,,1.0,down,2,0.30000000000000004,0.5421277371675257,differential_expression;signature
80,SPC25,,,,,,,1.6952841,2.0,higher_in_repop,0.30902282764421996,,,,,,1.0,up,2,0.30000000000000004,0.5393485517628133,differential_expression;signature
81,LIMCH1,,,,,,,-2.556257,2.0,lower_in_repop,0.308228422391528,,,,,,1.0,down,2,0.30000000000000004,0.5388189482610186,differential_expression;signature
82,PARP9,,,,,,,-2.3282875499999998,2.0,lower_in_repop,0.3071111448051738,,,,,,1.0,down,2,0.30000000000000004,0.5380740965367825,differential_expression;signature
83,XAF1,,,,,,,-5.11294975,2.0,lower_in_repop,0.3047272646871378,,,,,,1.0,down,2,0.30000000000000004,0.5364848431247585,differential_expression;signature
84,DAPP1,,,,,,,-5.0811597,2.0,lower_in_repop,0.3046979999414868,,,,,,1.0,down,2,0.30000000000000004,0.5364653332943246,differential_expression;signature
85,CRABP1,,,,,,,1.8960902000000002,2.0,higher_in_repop,0.3036334852173209,,,,,,1.0,up,2,0.30000000000000004,0.5357556568115472,differential_expression;signature
86,TGFB2,,,,,,,-4.5394821,2.0,lower_in_repop,0.30184764142430953,,,,,,1.0,down,2,0.30000000000000004,0.534565094282873,differential_expression;signature
87,CDK6,,,,,,,-3.72871015,2.0,lower_in_repop,0.3011409858703815,,,,,,1.0,down,2,0.30000000000000004,0.5340939905802543,differential_expression;signature
88,PIF1,,,,,,,1.9719038,2.0,higher_in_repop,0.30078841131090134,,,,,,1.0,up,2,0.30000000000000004,0.5338589408739342,differential_expression;signature
89,GPNMB,,,,,,,-2.9013776,2.0,lower_in_repop,0.300723050500894,,,,,,1.0,down,2,0.30000000000000004,0.533815367000596,differential_expression;signature
90,IFIT3,,,,,,,-4.8538774,2.0,lower_in_repop,0.30040340686659656,,,,,,1.0,down,2,0.30000000000000004,0.5336022712443976,differential_expression;signature
91,SYT8,,,,,,,-2.3115324,2.0,lower_in_repop,0.2995306323998804,,,,,,1.0,down,2,0.30000000000000004,0.5330204215999202,differential_expression;signature
92,CDKN2B,,,,,,,-2.8015751,2.0,lower_in_repop,0.2985754449418283,,,,,,1.0,down,2,0.30000000000000004,0.5323836299612188,differential_expression;signature
93,FLRT3,,,,,,,-4.51123265,2.0,lower_in_repop,0.29803250910939255,,,,,,1.0,down,2,0.30000000000000004,0.532021672739595,differential_expression;signature
94,TNFSF15,,,,,,,-4.4051937,2.0,lower_in_repop,0.2972601776015519,,,,,,1.0,down,2,0.30000000000000004,0.5315067850677012,differential_expression;signature
95,UPK2,,,,,,,-3.9700935,2.0,lower_in_repop,0.2967851723703309,,,,,,1.0,down,2,0.30000000000000004,0.5311901149135538,differential_expression;signature
96,MND1,,,,,,,1.60509115,2.0,higher_in_repop,0.29465977897819706,,,,,,1.0,up,2,0.30000000000000004,0.5297731859854646,differential_expression;signature
97,IFIT2,,,,,,,-4.479813500000001,2.0,lower_in_repop,0.29403068765155926,,,,,,1.0,down,2,0.30000000000000004,0.5293537917677061,differential_expression;signature
98,DDX58,,,,,,,-2.45265515,2.0,lower_in_repop,0.29175937405273755,,,,,,1.0,down,2,0.30000000000000004,0.527839582701825,differential_expression;signature
99,TIFA,,,,,,,1.52964715,2.0,higher_in_repop,0.29013380047892795,,,,,,1.0,up,2,0.30000000000000004,0.5267558669859519,differential_expression;signature
100,FYB2,,,,,,,-3.63270985,2.0,lower_in_repop,0.2884877845850918,,,,,,1.0,down,2,0.30000000000000004,0.5256585230567278,differential_expression;signature
