rank,gene,priority_score,evidence_source_count,evidence_sources,escape_marker_effect,escape_marker_direction,trajectory_correlation,trajectory_direction,differential_expression_effect,de_direction,de_cell_lines_supported,regulatory_effect,transition_model_effect,transition_model_direction,signature_direction
1,IFI6,0.8147518270098308,3,trajectory;differential_expression;signature,,,-0.5689972597471107,decreasing,-4.787615499999999,lower_in_repop,2.0,,,,down
2,TOP2A,0.7809166065664604,4,escape_marker;trajectory;differential_expression;signature,0.6964951753616333,higher_in_escape_prone,0.4584911953696116,increasing,1.82770655,higher_in_repop,2.0,,,,up
3,CLU,0.7603539739481504,2,trajectory;differential_expression,,,-0.5647966521015566,decreasing,-1.6971719,lower_in_repop,2.0,,,,
4,HMGB2,0.7573902312818401,3,trajectory;differential_expression;signature,,,0.5227446032898896,increasing,2.1522072999999997,higher_in_repop,2.0,,,,up
5,MYO1B,0.7054155897786791,2,differential_expression;signature,,,,,-2.87276125,lower_in_repop,2.0,,,,down
6,H4C3,0.705187779578552,2,differential_expression;signature,,,,,2.8558727499999996,higher_in_repop,2.0,,,,up
7,PHGDH,0.7003715177248218,2,differential_expression;signature,,,,,2.4988236,higher_in_repop,2.0,,,,up
8,KRT80,0.6995790414627282,2,differential_expression;signature,,,,,-2.4400741000000004,lower_in_repop,2.0,,,,down
9,SDC2,0.6971779366564773,2,differential_expression;signature,,,,,-2.2620704000000003,lower_in_repop,2.0,,,,down
10,PRC1,0.6915602903572053,2,differential_expression;signature,,,,,1.84561135,higher_in_repop,2.0,,,,up
11,DHTKD1,0.6908306961041671,2,differential_expression;signature,,,,,1.79152355,higher_in_repop,2.0,,,,up
12,LMNB1,0.6887235532582613,2,differential_expression;signature,,,,,1.63531245,higher_in_repop,2.0,,,,up
13,RRM2,0.6884224623231245,2,differential_expression;signature,,,,,1.61299135,higher_in_repop,2.0,,,,up
14,NUDT3,0.6882075072090454,2,differential_expression;signature,,,,,1.59705585,higher_in_repop,2.0,,,,up
15,KIF11,0.6880991043016356,2,differential_expression;signature,,,,,1.5890195,higher_in_repop,2.0,,,,up
16,CKS1B,0.6875863313758503,2,differential_expression;signature,,,,,1.5510055500000002,higher_in_repop,2.0,,,,up
17,E2F1,0.6874416343554115,3,differential_expression;regulatory;transition_model,,,,,0.9578554,higher_in_repop,2.0,0.1658956985900893,0.2255862605378652,supports_repop_prediction,
18,ZWINT,0.6869889853380513,2,differential_expression;signature,,,,,1.50672185,higher_in_repop,2.0,,,,up
19,BCAS1,0.6837812817613224,3,escape_marker;differential_expression;signature,-0.5580182820558548,lower_in_escape_prone,,,-2.68147325,lower_in_repop,2.0,,,,down
20,YBX2,0.6835576591719393,2,differential_expression;signature,,,,,1.9147101000000002,higher_in_repop,2.0,,,,up
21,ARHGAP11A,0.6796115438135014,2,differential_expression;signature,,,,,1.8536927,higher_in_repop,2.0,,,,up
22,CCNA2,0.6722182796119277,2,differential_expression;signature,,,,,1.7528931,higher_in_repop,2.0,,,,up
23,MKI67,0.6708860019200854,4,escape_marker;trajectory;differential_expression;signature,0.5305404514074326,higher_in_escape_prone,0.4877669077794778,increasing,1.8454272499999997,higher_in_repop,2.0,,,,up
24,CENPF,0.6703024014578206,4,escape_marker;trajectory;differential_expression;signature,0.5700350850820541,higher_in_escape_prone,0.4508786866698546,increasing,1.6778961000000001,higher_in_repop,2.0,,,,up
25,NUF2,0.6675860052084984,2,differential_expression;signature,,,,,1.7774063,higher_in_repop,2.0,,,,up
26,ISG15,0.6665757308663266,2,differential_expression;signature,,,,,-3.9140354,lower_in_repop,2.0,,,,down
27,FBXO17,0.6531246883732527,2,differential_expression;signature,,,,,1.9174063499999998,higher_in_repop,2.0,,,,up
28,NCF2,0.6524182021795357,2,differential_expression;signature,,,,,-13.617767950000001,lower_in_repop,2.0,,,,down
29,KIF14,0.6503130591297537,2,differential_expression;signature,,,,,1.7359987500000003,higher_in_repop,2.0,,,,up
30,ENC1,0.6496829350893555,2,differential_expression;signature,,,,,-2.41824075,lower_in_repop,2.0,,,,down
31,H4C8,0.6461169056612761,2,differential_expression;signature,,,,,-2.94087065,lower_in_repop,2.0,,,,down
32,PLK1,0.6453224467779706,2,differential_expression;signature,,,,,1.68591245,higher_in_repop,2.0,,,,up
33,PBK,0.6421132486951168,2,differential_expression;signature,,,,,1.6730605500000002,higher_in_repop,2.0,,,,up
34,CDC20,0.6363605104807625,2,differential_expression;signature,,,,,1.5251654499999998,higher_in_repop,2.0,,,,up
35,GINS1,0.6352045905748,2,differential_expression;signature,,,,,1.5035946500000001,higher_in_repop,2.0,,,,up
36,NCAPH,0.6304158464734002,2,differential_expression;signature,,,,,1.7987042,higher_in_repop,2.0,,,,up
37,RND1,0.625772321910648,2,differential_expression;signature,,,,,-2.1577549,lower_in_repop,2.0,,,,down
38,KNL1,0.6242033036182136,2,differential_expression;signature,,,,,1.6610318,higher_in_repop,2.0,,,,up
39,UBE2C,0.6201602651399948,2,differential_expression;signature,,,,,1.50154618,higher_in_repop,2.0,,,,up
40,IVL,0.6192567491510668,2,differential_expression;signature,,,,,-5.61945115,lower_in_repop,2.0,,,,down
41,H2AZ1,0.6153880489342868,3,escape_marker;trajectory;differential_expression,0.4525830745697021,higher_in_escape_prone,0.5588633355990263,increasing,1.4563779000000001,higher_in_repop,2.0,,,,
42,IFI27,0.6117934528541784,3,trajectory;differential_expression;signature,,,-0.4767580003530816,decreasing,-5.1659925,lower_in_repop,2.0,,,,down
43,KIF20A,0.6085210341331331,2,differential_expression;signature,,,,,1.5382022,higher_in_repop,2.0,,,,up
44,SYTL2,0.607813155021956,2,differential_expression;signature,,,,,-2.9973387,lower_in_repop,2.0,,,,down
45,GPRC5A,0.6065401780514027,2,differential_expression;signature,,,,,-2.3678554,lower_in_repop,2.0,,,,down
46,ANXA1,0.6065387251303759,2,differential_expression;signature,,,,,-4.46990205,lower_in_repop,2.0,,,,down
47,GAS2L3,0.6053413605080713,2,differential_expression;signature,,,,,1.52567625,higher_in_repop,2.0,,,,up
48,AURKB,0.6030594551555394,2,differential_expression;signature,,,,,1.86532355,higher_in_repop,2.0,,,,up
49,MELK,0.5980906638233262,2,differential_expression;signature,,,,,1.6672402,higher_in_repop,2.0,,,,up
50,MACC1,0.5963635313460357,2,differential_expression;signature,,,,,-2.83357155,lower_in_repop,2.0,,,,down
51,CIT,0.5912465124873864,2,differential_expression;signature,,,,,1.70393393,higher_in_repop,2.0,,,,up
52,ESPL1,0.5859510440555412,2,differential_expression;signature,,,,,1.73990475,higher_in_repop,2.0,,,,up
53,BCYRN1,0.5851550209384139,2,differential_expression;signature,,,,,1.593899,higher_in_repop,2.0,,,,up
54,NRM,0.5809614634516467,2,differential_expression;signature,,,,,1.9771555,higher_in_repop,2.0,,,,up
55,KIF15,0.5804350266869417,2,differential_expression;signature,,,,,1.80824845,higher_in_repop,2.0,,,,up
56,KIF2C,0.5783021720300318,2,differential_expression;signature,,,,,1.6042381,higher_in_repop,2.0,,,,up
57,H2BC4,0.5745543510701387,2,differential_expression;signature,,,,,-2.1386352,lower_in_repop,2.0,,,,down
58,RIPPLY3,0.5712413185302311,2,differential_expression;signature,,,,,1.8562568499999998,higher_in_repop,2.0,,,,up
59,L1CAM,0.5691528047863307,2,differential_expression;signature,,,,,-2.2591231,lower_in_repop,2.0,,,,down
60,PLOD2,0.5683738604004264,2,differential_expression;signature,,,,,1.7177486499999999,higher_in_repop,2.0,,,,up
61,SPC24,0.5680799908465424,2,differential_expression;signature,,,,,1.6448909999999999,higher_in_repop,2.0,,,,up
62,IFIT1,0.5671961487019681,2,differential_expression;signature,,,,,-4.8608133,lower_in_repop,2.0,,,,down
63,TROAP,0.56534106116832,2,differential_expression;signature,,,,,1.642864915,higher_in_repop,2.0,,,,up
64,FOXM1,0.5611539821306443,2,differential_expression;signature,,,,,1.519883175,higher_in_repop,2.0,,,,up
65,TSPAN1,0.5589580419085125,2,differential_expression;signature,,,,,-3.04678275,lower_in_repop,2.0,,,,down
66,PTTG1,0.5586819313512521,3,escape_marker;differential_expression;signature,0.4509165585041046,higher_in_escape_prone,,,1.8806817,higher_in_repop,2.0,,,,up
67,ANKRD1,0.5567617296441645,2,differential_expression;signature,,,,,-6.20144845,lower_in_repop,2.0,,,,down
68,TUBA1B,0.5555834861871963,3,escape_marker;trajectory;differential_expression,0.5279414057731628,higher_in_escape_prone,0.4314121331796063,increasing,0.88781987,higher_in_repop,2.0,,,,
69,ANXA3,0.5555560861800694,2,differential_expression;signature,,,,,-2.8906378999999998,lower_in_repop,2.0,,,,down
70,SHISA2,0.5518566580849152,2,differential_expression;signature,,,,,-2.35183155,lower_in_repop,2.0,,,,down
71,EPAS1,0.5511808408181119,2,differential_expression;signature,,,,,-3.27757,lower_in_repop,2.0,,,,down
72,MT2A,0.5506622342738758,2,differential_expression;signature,,,,,1.72045255,higher_in_repop,2.0,,,,up
73,OAS1,0.5506432023326516,2,differential_expression;signature,,,,,-4.03806805,lower_in_repop,2.0,,,,down
74,KLK5,0.5506401701253014,2,differential_expression;signature,,,,,-6.14873175,lower_in_repop,2.0,,,,down
75,MAP1B,0.5494780420764981,2,differential_expression;signature,,,,,-3.0800256,lower_in_repop,2.0,,,,down
76,SAMD9,0.5467716218491541,2,differential_expression;signature,,,,,-3.7998672,lower_in_repop,2.0,,,,down
77,CAPN8,0.5453162492162116,2,differential_expression;signature,,,,,-4.86461615,lower_in_repop,2.0,,,,down
78,PIMREG,0.545269246805422,2,differential_expression;signature,,,,,1.5967915499999998,higher_in_repop,2.0,,,,up
79,PRSS23,0.5421277371675257,2,differential_expression;signature,,,,,-3.0954115,lower_in_repop,2.0,,,,down
80,SPC25,0.5393485517628133,2,differential_expression;signature,,,,,1.6952841,higher_in_repop,2.0,,,,up
81,LIMCH1,0.5388189482610186,2,differential_expression;signature,,,,,-2.556257,lower_in_repop,2.0,,,,down
82,PARP9,0.5380740965367825,2,differential_expression;signature,,,,,-2.3282875499999998,lower_in_repop,2.0,,,,down
83,XAF1,0.5364848431247585,2,differential_expression;signature,,,,,-5.11294975,lower_in_repop,2.0,,,,down
84,DAPP1,0.5364653332943246,2,differential_expression;signature,,,,,-5.0811597,lower_in_repop,2.0,,,,down
85,CRABP1,0.5357556568115472,2,differential_expression;signature,,,,,1.8960902000000002,higher_in_repop,2.0,,,,up
86,TGFB2,0.534565094282873,2,differential_expression;signature,,,,,-4.5394821,lower_in_repop,2.0,,,,down
87,CDK6,0.5340939905802543,2,differential_expression;signature,,,,,-3.72871015,lower_in_repop,2.0,,,,down
88,PIF1,0.5338589408739342,2,differential_expression;signature,,,,,1.9719038,higher_in_repop,2.0,,,,up
89,GPNMB,0.533815367000596,2,differential_expression;signature,,,,,-2.9013776,lower_in_repop,2.0,,,,down
90,IFIT3,0.5336022712443976,2,differential_expression;signature,,,,,-4.8538774,lower_in_repop,2.0,,,,down
91,SYT8,0.5330204215999202,2,differential_expression;signature,,,,,-2.3115324,lower_in_repop,2.0,,,,down
92,CDKN2B,0.5323836299612188,2,differential_expression;signature,,,,,-2.8015751,lower_in_repop,2.0,,,,down
93,FLRT3,0.532021672739595,2,differential_expression;signature,,,,,-4.51123265,lower_in_repop,2.0,,,,down
94,TNFSF15,0.5315067850677012,2,differential_expression;signature,,,,,-4.4051937,lower_in_repop,2.0,,,,down
95,UPK2,0.5311901149135538,2,differential_expression;signature,,,,,-3.9700935,lower_in_repop,2.0,,,,down
96,MND1,0.5297731859854646,2,differential_expression;signature,,,,,1.60509115,higher_in_repop,2.0,,,,up
97,IFIT2,0.5293537917677061,2,differential_expression;signature,,,,,-4.479813500000001,lower_in_repop,2.0,,,,down
98,DDX58,0.527839582701825,2,differential_expression;signature,,,,,-2.45265515,lower_in_repop,2.0,,,,down
99,TIFA,0.5267558669859519,2,differential_expression;signature,,,,,1.52964715,higher_in_repop,2.0,,,,up
100,FYB2,0.5256585230567278,2,differential_expression;signature,,,,,-3.63270985,lower_in_repop,2.0,,,,down
