cell_line,trajectory_bin,cells,mean_pseudotime,tis_fraction,repop_fraction,ctr_fraction,mean__pathway__e2f_targets,median__pathway__e2f_targets,mean__pathway__g2_m_checkpoint,median__pathway__g2_m_checkpoint,mean__pathway__myc_targets_v1,median__pathway__myc_targets_v1,mean__pathway__processing_of_capped_intron_containing_pre_mrna_r_hsa_72203,median__pathway__processing_of_capped_intron_containing_pre_mrna_r_hsa_72203,mean__pathway__mrna_splicing_major_pathway_r_hsa_72163,median__pathway__mrna_splicing_major_pathway_r_hsa_72163,mean__pathway__mrna_splicing_r_hsa_72172,median__pathway__mrna_splicing_r_hsa_72172,mean__pathway__mitochondrial_translation_termination_r_hsa_5419276,median__pathway__mitochondrial_translation_termination_r_hsa_5419276,mean__pathway__mitochondrial_translation_elongation_r_hsa_5389840,median__pathway__mitochondrial_translation_elongation_r_hsa_5389840,mean__pathway__mitochondrial_translation_initiation_r_hsa_5368286,median__pathway__mitochondrial_translation_initiation_r_hsa_5368286,mean__pathway__mitochondrial_translation_r_hsa_5368287,median__pathway__mitochondrial_translation_r_hsa_5368287,mean__regulator__E2F1,median__regulator__E2F1,mean__regulator__FOS,median__regulator__FOS,mean__regulator__TP53,median__regulator__TP53,mean__regulator__JUN,median__regulator__JUN,mean__regulator__STAT3,median__regulator__STAT3,mean__regulator__MYC,median__regulator__MYC,mean__repopulation_associated_potential,median__repopulation_associated_potential,mean__rap_score,median__rap_score
MCF7,1,8725,0.012503181244979301,0.9923209169054441,0.00504297994269341,0.0026361031518624643,-0.28091000759253626,-0.3674011430847139,-0.2706878494943922,-0.3450206966278116,-0.035378087718869064,-0.046898226858448,-0.09872148240524821,-0.1076686935733108,-0.10412197874830147,-0.1100158191748017,-0.10472373620421964,-0.1103714529203538,-0.1371516988361035,-0.1344696560606603,-0.13392902542508703,-0.13053387306591,-0.1345190801538249,-0.1320489464289628,-0.13088275181243814,-0.1272506872951259,-0.32196621878095105,-0.5292936710495966,0.7602966449399452,0.8400462111797237,0.1684810589427478,0.2447398740527169,0.6067269822498482,0.684593390692899,-0.09176607068831336,-0.018315623032869,0.8915588608016352,1.004305479948853,-1.1267136390103374,-1.1369542818469722,-1.1267136390103374,-1.1369542818469722
MCF7,2,715,0.1437664704002961,0.9272727272727272,0.032167832167832165,0.04055944055944056,-0.16357453886395465,-0.3231608641396906,-0.15466909451039554,-0.3118415365955795,0.055995832442088334,0.0277278912999781,-0.040138703628075964,-0.0590071169848625,-0.044319848945517895,-0.0609917224633523,-0.0451713677158115,-0.0635989159225692,-0.05023343788656973,-0.0344686940481953,-0.04719035832713533,-0.0331512631321182,-0.047336779298380614,-0.0342574076463464,-0.04418056710634415,-0.0300252072885753,-0.2732230094354806,-0.5292936710495966,0.6635328534760981,0.7722131468356269,0.18514700307714407,0.1965417571479412,0.4193223610753521,0.5027914776079639,-0.3398867465163621,-0.2295099641684486,0.8769208170382985,0.9943257157393968,-0.41503941538261535,-0.6215116071807918,-0.41503941538261535,-0.6215116071807918
MCF7,3,432,0.2450694192082272,0.8611111111111112,0.046296296296296294,0.09259259259259259,-0.15499228671282705,-0.30799631752645884,-0.15064167411346455,-0.28683875682605553,0.0657691018257591,0.0658957106592436,-0.031844754407972534,-0.0437213752059538,-0.03442697616299243,-0.04622027656432525,-0.0352508977033857,-0.04266151380820955,-0.03386234164490302,-0.02192213215113015,-0.029014878652033168,-0.020258105885985797,-0.03023632641998176,-0.01539540307121895,-0.0268715031775318,-0.01598520291593805,-0.21103602975210808,-0.5292936710495966,0.7695395702658407,0.8924955725879649,0.1462948240326741,0.1496991618948591,0.44411842879330976,0.5655965798148133,-0.29317502693324476,-0.17291869213317312,0.9005150239840619,1.0492448620761836,-0.34581917373046156,-0.525745860162085,-0.34581917373046156,-0.525745860162085
MCF7,4,324,0.35028468443911615,0.7283950617283951,0.10802469135802469,0.16358024691358025,-0.11489665470341874,-0.2656165926634822,-0.10196851429943182,-0.22830307066625236,0.06730021322482704,0.060309861866346196,-0.016587137228534336,-0.0243169721554969,-0.016939595345179515,-0.01806635683606735,-0.01923772126356228,-0.021377612395081402,-0.015923910473766196,-0.022784849721441403,-0.012913392573438244,-0.01932239573414545,-0.01345318972101262,-0.01178268085408375,-0.011135875787853425,-0.00868361894818655,-0.19214167161158083,-0.5292936710495966,0.7517186483720107,0.7707017532918371,0.012491676416889298,-0.8127414529371765,0.46803225888213745,0.5139523270500364,-0.38189355611563075,-0.2675774930356165,0.8284908863566912,0.8762727173737199,-0.217920365551497,-0.3967188941764453,-0.217920365551497,-0.39671889417644524
MCF7,5,356,0.44942039689689606,0.6348314606741573,0.12921348314606743,0.23595505617977527,-0.061680496604311595,-0.18199089951998165,-0.0497786332554477,-0.16975002685809065,0.07942110327025828,0.0684002338864553,0.0068566694371563165,0.01896972972293465,0.0028688162240229163,0.0223106941224149,0.002428804673683524,0.0187089029246422,0.010005627993597466,0.00860334467212435,0.015637045216615013,0.011965887693715649,0.014066311319740323,0.016027458868981652,0.018011445990765318,0.0163947979630375,-0.13242867518360069,-0.5292936710495966,0.7651164330951252,0.8474180772613771,0.1867822558043734,0.1820108875138049,0.3920877922347924,0.4569279613810445,-0.3959614414953234,-0.2823382326598371,0.904646848534493,1.0334333611829822,-0.1051346167131146,-0.3048463523804016,-0.1051346167131146,-0.3048463523804016
MCF7,6,349,0.5485334617581369,0.46131805157593125,0.19197707736389685,0.3467048710601719,-0.0426042757895547,-0.1494395121517426,-0.02477253209494847,-0.1145420311499072,0.06997577921947487,0.0675617205430667,0.026084368006226058,0.0294209129282093,0.019540904409753087,0.0240192835576618,0.018928105332633925,0.0241393201905477,0.0361807370111403,0.0331754503142974,0.042076085533836904,0.0459350549608935,0.039023382125850575,0.0402319471024388,0.043427517432779214,0.0392717046670828,-0.10611414789296061,-0.5292936710495966,0.848959553689098,0.922916819809819,0.10689916472200472,0.1087266089459762,0.4074361042178035,0.4890423915900588,-0.5166127186314887,-0.4167130359440145,0.9104578780427708,0.96933746143518,-0.03595840920493468,-0.16716434736613847,-0.03595840920493468,-0.1671643473661384
MCF7,7,400,0.6530428350658601,0.435,0.1975,0.3675,-0.038350928650422354,-0.1318527837918672,-0.009336788005693562,-0.08849248651362575,0.07018416499160499,0.05986626425046755,0.030376737360735876,0.0215986699101284,0.02701174390382051,0.0268833670609714,0.026120790745310395,0.025144043490656402,0.038497336231218454,0.04145562272505485,0.04322661928953365,0.045004982560373705,0.042216967225348796,0.048953016244091346,0.04594181278088536,0.050361343610773796,-0.1352341173108498,-0.5292936710495966,0.8406285731150763,0.872003316301706,0.21383704037316079,0.23289697227850395,0.4646836423067336,0.5327956226398034,-0.49781783097273324,-0.40019960846716235,0.8730628896575966,1.0354902865543831,0.03819558795866288,-0.08459673110505156,0.03819558795866287,-0.08459673110505156
MCF7,8,583,0.7542454499826685,0.27101200686106347,0.24356775300171526,0.4854202401372213,-0.025582740587998223,-0.0817702890595969,0.010360342555168366,-0.0387642782278836,0.07518566294018672,0.077544935772671,0.055666283952994354,0.0626060635661057,0.052481759992014064,0.0590731423915538,0.05153179251201806,0.0554870148198461,0.08368727654419077,0.0863511585942057,0.09005789246832967,0.0918373041530366,0.08817612713592941,0.0895345221155661,0.09208313604793134,0.0938799023400159,-0.15292218871697383,-0.5292936710495966,0.9549897230291268,1.024615388955268,0.27734970256645586,0.3618379936859886,0.4849091656466377,0.5234945283818682,-0.5589498823316289,-0.4324338485421036,0.9512701928672673,1.0136226740896386,0.09842489089066482,-0.007897382333022781,0.09842489089066485,-0.0078973823330227
MCF7,9,1139,0.8572793825610858,0.1527655838454785,0.30816505706760317,0.5390693590869183,0.019109499474451504,-0.020360323814882,0.05540310228689409,0.0087649253976735,0.08534458161569662,0.0780724185828686,0.08549171408701207,0.0910497862409201,0.08611647422264719,0.0961939041775405,0.08388727264655546,0.0967876696515594,0.10496171848647866,0.1061466532500082,0.11033877937685765,0.1111543505011862,0.10885851448377187,0.1077056139412163,0.1122748511868228,0.1140531657236563,-0.12156239876921013,-0.5292936710495966,0.9962137290937757,1.0932522992823863,0.3324715845018207,0.4814019727334861,0.4880724979107622,0.5471073167584911,-0.6392074359990475,-0.6129478159712181,0.97563897948453,1.0933158954377462,0.2267976164037977,0.12462286504458878,0.2267976164037977,0.1246228650445887
MCF7,10,13674,0.9829822444097209,0.013821851689337429,0.4692847740236946,0.516893374286968,0.1738869978388875,0.21231515243322435,0.2010849739270834,0.21261614284206135,0.18971348721974152,0.19367850987559335,0.19003398115861825,0.19932334367353893,0.18856013514159342,0.19825229424271984,0.18564194701378745,0.19527242729718394,0.215081305865033,0.21679556185921015,0.221094234513058,0.22248267533581306,0.22013336621388607,0.22009699159738405,0.22294887161644375,0.2234517940405104,-0.04761402731423922,-0.5292936710495966,1.025677230468405,1.0916968938818508,0.39221748610115964,0.49338694913682485,0.3289359026106803,0.3797359312725235,-0.7764810523240021,-0.8603707488014468,0.9125480625870145,1.0237780610112723,0.736165331326587,0.7096077967568812,0.736165331326587,0.7096077967568812
T47D,1,21772,0.011400302965762674,0.9853022230387654,0.010334374425868088,0.004363402535366526,-0.2237936887979392,-0.31322896155800695,-0.20517691941192304,-0.2979031003722644,-0.28031364966307143,-0.28590283434343866,-0.16576487092452882,-0.17266973145681092,-0.16859858133650826,-0.1736037571166672,-0.1651415626083314,-0.1691339697655887,-0.1415649295807454,-0.14521663881266766,-0.14479004843226592,-0.14984366574121785,-0.14364092776928503,-0.14794618814859622,-0.14606996480757575,-0.1498094788954195,-0.08297272907955436,-0.5292936710495966,-0.47715725324157815,-0.9767543609731986,-0.3033687198541583,-0.8127414529371765,0.019512820366817868,0.21223165271263705,0.4259550364693093,0.6450424577925683,-0.5891186953481562,-1.120488807513181,-0.886340466585253,-0.9482759474984099,-0.886340466585253,-0.9482759474984099
T47D,2,1474,0.14411684437039549,0.8554952510176391,0.09769335142469471,0.046811397557666216,-0.08471737702197858,-0.13761425417026546,-0.08358218610102805,-0.1311798558963706,-0.1759849809299052,-0.17762231884892116,-0.11211605508672105,-0.12462126784208105,-0.11533738318135996,-0.11840231640501656,-0.11225368709158576,-0.115480012416237,-0.10907583398170875,-0.11088790317089761,-0.11295356731134379,-0.11474239953937945,-0.11153665967342538,-0.11306794377348145,-0.11436261137491258,-0.11833965676966475,0.12344674688316853,-0.5292936710495966,-0.4500491688662598,-0.9767543609731986,-0.19755701766323244,-0.8127414529371765,-0.208015113591895,-0.178804721591882,0.30581026372440895,0.5619948746463792,-0.5805330183166172,-1.120488807513181,-0.18002780827613676,-0.2649908063847656,-0.18002780827613676,-0.2649908063847656
T47D,3,941,0.24613543017193124,0.7194473963868225,0.1806588735387885,0.09989373007438895,-0.052250972643448884,-0.0559162240675299,-0.05982786090571526,-0.0917246218760881,-0.14380563716450626,-0.1411404565481253,-0.1002869757700768,-0.1022455810197628,-0.10330163217074011,-0.0999973422072838,-0.10074797559639917,-0.0994940207677238,-0.09802880613667271,-0.0974675936693892,-0.10151372793661367,-0.1044444834766965,-0.10041084370911058,-0.1019898045308206,-0.10299145488274274,-0.1020619737261543,0.21888781928976642,-0.5292936710495966,-0.43509956568045965,-0.9767543609731986,-0.2200817345620934,-0.8127414529371765,-0.1998327156915458,-0.149970102917093,0.2672784807638598,0.5059808095980406,-0.5438884175346936,-1.120488807513181,-0.08065027970226891,-0.11304323497394385,-0.08065027970226891,-0.1130432349739438
T47D,4,705,0.3488767781691519,0.601418439716312,0.25390070921985813,0.14468085106382977,-0.019731310781512617,-0.031788990107677,-0.02823637867626585,-0.056212694213071,-0.09876247284334462,-0.0945318696084967,-0.08117412167744653,-0.0882685330202737,-0.0815812200043013,-0.0781754550711382,-0.07894363946226843,-0.0781324531890624,-0.07875843930844151,-0.0756733612438324,-0.08143819724168119,-0.0864463401890105,-0.07895531215020438,-0.0788016702041567,-0.08160068531449885,-0.0809023690051694,0.1694873917364851,-0.5292936710495966,-0.47933556180884157,-0.9767543609731986,-0.15059905515664482,-0.8127414529371765,-0.1991433059887444,-0.1064415262252843,0.24968353391130407,0.4361745218887097,-0.5605296542589471,-1.120488807513181,0.007249335535143565,-0.0679791164421833,0.007249335535143564,-0.0679791164421833
T47D,5,686,0.4514056746987386,0.48542274052478135,0.3323615160349854,0.18221574344023322,-0.007854440184055402,-0.0447203303157727,-0.02234348781122584,-0.06571314576756304,-0.06648901489299303,-0.0639142825064508,-0.05770659675980525,-0.05044570623829215,-0.055752960699567186,-0.043409322740877304,-0.05423853744358003,-0.0407228035851485,-0.0664817782778241,-0.07100231418856685,-0.07008472384020621,-0.0717481908977209,-0.06777584607626622,-0.0712785177833236,-0.07074512623777779,-0.06782036352863566,0.25020545138883454,-0.5292936710495966,-0.4433272928459842,-0.9767543609731986,-0.1472071406333218,-0.8127414529371765,-0.2349944745135535,-0.21260469515853164,0.20698428652259582,0.38183934594926316,-0.4455412635007817,-1.120488807513181,0.0380739661530939,-0.04743818139761255,0.0380739661530939,-0.0474381813976125
T47D,6,705,0.5515989921456543,0.375886524822695,0.3730496453900709,0.251063829787234,-0.00889847433756898,-0.0345305269675763,-0.021786272167896,-0.058663664020595,-0.03827454209539552,-0.021574146080825,-0.05431705766713348,-0.0549565617437026,-0.051058740367379486,-0.0476248069845278,-0.05120239678269878,-0.0476770986765006,-0.05640127733701298,-0.0445711025769893,-0.058582169783563946,-0.0480542107447357,-0.05800585419259408,-0.0503015847560199,-0.05939663762644063,-0.0507499047950584,0.21476336401958165,-0.5292936710495966,-0.46330390635327817,-0.9767543609731986,-0.23466975638881524,-0.8127414529371765,-0.24586177423471783,-0.2955676649604064,0.10659484678972725,0.3274421325369707,-0.48012756551241254,-1.120488807513181,0.07484104119057317,0.006861052847150253,0.07484104119057315,0.0068610528471502
T47D,7,890,0.6510639702454359,0.2640449438202247,0.4370786516853933,0.298876404494382,0.029217777776681678,-0.0089471778326413,0.006525556750720995,-0.048420328922893,0.0068172546942360576,0.018660305376589997,-0.027542410731694278,-0.02326458704907005,-0.027519109249683614,-0.01951073982163795,-0.02725827537996184,-0.0209928150960615,-0.03492071965884815,-0.03663310579654215,-0.03690879528071257,-0.0388458360095996,-0.03660342961523775,-0.03767635901968875,-0.03718912088835896,-0.0386425957943769,0.2444644013346037,-0.5292936710495966,-0.4589246255693324,-0.9767543609731986,-0.10226540540253279,-0.8127414529371765,-0.2578994244831547,-0.2597685742269251,0.16421841859746944,0.28909323788149965,-0.3878482884903112,-0.4878820844584689,0.13904186295145396,0.04087045094571441,0.13904186295145396,0.04087045094571435
T47D,8,1296,0.7541924088672699,0.15432098765432098,0.5478395061728395,0.2978395061728395,0.026045918920917437,-0.00183668475234295,-0.0020844462129102283,-0.044230453375723,0.026208494177788297,0.046142649501178454,-0.0175434492792263,-0.012983462011645401,-0.012842838556987953,-0.00869832982277745,-0.012882944189370093,-0.0070757529410175,-0.025292735541413522,-0.0240033269214164,-0.02778573218812563,-0.02615232840578885,-0.027460736513987324,-0.0233795415732516,-0.028869399493490353,-0.0244557643313477,0.16163926305851595,-0.5292936710495966,-0.45538521254826336,-0.9767543609731986,-0.04633033116015408,-0.8127414529371765,-0.2951461756279207,-0.3473119801522532,0.1668414413266861,0.34241573823989374,-0.35543329010530156,-0.35278363101664933,0.17003425890375326,0.053949788408546605,0.17003425890375326,0.0539497884085466
T47D,9,2319,0.8573297065320533,0.0948684777921518,0.5446313065976714,0.3605002156101768,0.07397667269983081,0.0469996629267344,0.04296359828381941,-0.0101164214087961,0.07010354280481179,0.0864273914744477,0.013177943644636675,0.0202416908530482,0.01772981491872685,0.0276802320984537,0.01694592489763034,0.0255622488884399,0.000765288530643864,0.0084186701544466,-0.0010718230967237553,0.0062048984952363,-0.0006026193511004593,0.0084612376578612,-0.001754051840091695,0.0077348962270796,0.23646353050206959,-0.5292936710495966,-0.4645879961687351,-0.9767543609731986,-0.04635150363825985,-0.8127414529371765,-0.30363199493766496,-0.3355789501201118,0.13988457240021493,0.2857977556260319,-0.3008746686836264,-0.230142255945465,0.2891520186767052,0.16104845579728225,0.2891520186767052,0.1610484557972822
T47D,10,22023,0.9813406391988785,0.010988512010171184,0.6039594968896154,0.38505199110021343,0.23522695383321673,0.2867508282103907,0.1987123021214796,0.2331492661936509,0.17435398583074502,0.1980043845957551,0.0988778225483381,0.1101689363208026,0.10464215997365432,0.117820855933095,0.1031577472780345,0.1156952596566953,0.07490147764826924,0.0858756533020353,0.07322118380106635,0.0843294904050737,0.07277797655779566,0.0839425348438186,0.07205557495473366,0.0833638686087001,0.18959653773511825,-0.5292936710495966,-0.44495912753698197,-0.9767543609731986,-0.0012775391701985326,-0.8127414529371765,-0.4486322039288241,-0.6393850062055274,0.1103332962439948,0.2259982846130566,-0.33872321274828526,-0.2916477565886383,0.8418476091287744,0.8151375617990441,0.8418476091287744,0.8151375617990441
