cell_line,comparison,gene_set_library,pathway,enrichment_score,normalized_enrichment_score,nominal_p_value,false_discovery_rate,family_wise_error_rate,gene_set_size,matched_genes,leading_edge_genes,direction
MCF7,REPOP_vs_CTR,Reactome_2022,Olfactory Signaling Pathway R-HSA-381753,0.789232753440945,1.800637764665063,0.0,0.0,0.0,3/394,3.28%,GNB1;REEP1;LHX2,positive
MCF7,REPOP_vs_TIS,MSigDB_Hallmark_2020,E2F Targets,0.898396543738799,1.6972271164725592,0.0,0.0,0.0,167/200,5.27%,HMGB2;H2AZ1;SMC4;ANP32E;CKS1B;TOP2A;MKI67;TMPO;RAD21;CBX5;LMNB1;DEK;SNRPB;STMN1;MTHFD2;UBE2S;ATAD2;UNG;UBE2T;SSRP1;KIF22;AURKB;PTTG1;EZH2;RAD51C;CDK1;TIMELESS;SRSF2;NCAPD2;MCM3;PSIP1;BIRC5;HMGA1;RRM2;DNMT1;SMC3;TK1;USP1;PLK1;RACGAP1;MAD2L1;CDKN3;MYBL2;ILF3;CENPE;CDKN1B;HELLS;NUP205;RPA3;EXOSC8;MCM7;NASP;BRCA2;RNASEH2A;DLGAP5;MCM2;ASF1B;TACC3;AURKA;CDC20;TRA2B;GINS1;HNRNPD;HMMR;RANBP1;SPAG5;BRCA1;PCNA;CCP110;MCM4;CCNB2;CKS2;MELK;H2AX;DUT;CDC25B;PRDX4;CIT;MCM6;MXD3;CHEK2;ESPL1;RFC2;CHEK1;DCLRE1B;KIF2C;ORC6;NOLC1;HMGB3;CDCA3;BARD1;PAN2;SPC24;DEPDC1;KIF4A;RFC3;XRCC6;SHMT1;RBBP7;CDCA8;MCM5;PHF5A;DDX39A;KPNA2;MRE11;NUP107;PAICS;LIG1;SRSF1;NUDT21;POLD3;TCF19;PDS5B;SPC25;SMC1A;POLE;CNOT9;PRKDC;TP53;RAD51AP1;CENPM;STAG1;SMC6;RPA2;BUB1B;POLD2;UBR7;RPA1;KIF18B;TBRG4;PLK4;MSH2;DIAPH3;POLD1;TRIP13;IPO7;DSCC1;PSMC3IP;LBR;MYC;ORC2;RAD1;CDKN2C;NAA38;PPP1R8;E2F8;PMS2;CTCF;MMS22L;TUBG1;DCTPP1;RAN;GINS4;SLBP;CDC25A;LUC7L3;TIPIN;GINS3;DCK;ING3;SYNCRIP;SUV39H1;CDK4;CTPS1;XPO1;LYAR;DONSON,positive
MCF7,REPOP_vs_TIS,MSigDB_Hallmark_2020,G2-M Checkpoint,0.8610109206625115,1.6426650732310573,0.0,0.0,0.0,148/200,5.14%,SLC7A5;H2AZ1;HMGN2;SMC4;CKS1B;TOP2A;TPX2;MKI67;TMPO;RAD21;LMNB1;SMC2;CENPF;STMN1;H2AZ2;UBE2S;PRC1;KIF22;AURKB;PTTG1;EZH2;CDK1;SRSF2;MCM3;BIRC5;HMGA1;PLK1;KIF11;KIF20B;RACGAP1;MAD2L1;CDKN3;MYBL2;ILF3;CENPE;TROAP;UBE2C;EWSR1;CDKN1B;KIF23;CCNA2;SLC7A1;NASP;BRCA2;MCM2;NDC80;PBK;TACC3;AURKA;CDC20;TRA2B;KIF5B;DTYMK;HNRNPD;SFPQ;NSD2;DBF4;KNL1;HMMR;BUB1;CCNB2;CKS2;CCNF;H2AX;CDC25B;CBX1;MCM6;CHAF1A;ESPL1;CHEK1;KIF2C;ORC6;KIF15;NOLC1;HMGB3;MT2A;TTK;BARD1;SNRPD1;KIF4A;TLE3;HNRNPU;DKC1;FBXO5;MCM5;DDX39A;NCL;NEK2;KPNB1;KPNA2;TFDP1;E2F1;INCENP;CASP8AP2;SRSF1;UCK2;LIG3;FOXN3;CDC45;PDS5B;STIL;SRSF10;SMC1A;POLE;CDC6;SMARCC1;STAG1;CENPA;RPA2;TNPO2;MNAT1;RPS6KA5;NUMA1;ODF2;SAP30;PRMT5;PLK4;CDC27;CDC7;ODC1;PRPF4B;PURA;LBR;MYC;CDKN2C;NUSAP1;EXO1;HOXC10;SLC38A1;RAD54L;RBL1;POLQ;CTCF;KMT5A;FANCC;AMD1;CDC25A;E2F2;TRAIP;NUP50;RBM14;ABL1;GINS2;SYNCRIP;SUV39H1;CDK4;XPO1;MAP3K20,positive
MCF7,REPOP_vs_TIS,MSigDB_Hallmark_2020,Myc Targets V1,0.8045745599814308,1.5119679656671734,0.0,0.003190953367295527,0.019,138/200,6.45%,H2AZ1;RPL18;FBL;RPS2;RACK1;PHB2;HNRNPA1;DEK;HNRNPA2B1;SNRPD2;SRSF7;RRM1;HDGF;SRSF2;SRSF3;CYC1;USP1;HNRNPR;TRIM28;PRDX3;SLC25A3;MAD2L1;XPOT;SET;RPLP0;CCNA2;SNRPA;MCM7;MCM2;GLO1;SNRPA1;SNRPG;RPS10;CDC20;TRA2B;HNRNPD;LSM2;RPS5;RANBP1;HNRNPC;PCNA;IARS1;C1QBP;STARD7;MCM4;MRPS18B;DUT;RFC4;PRDX4;MCM6;POLE3;NOLC1;YWHAQ;RPL6;SNRPD1;HNRNPA3;XRCC6;HNRNPU;CDK2;LSM7;MCM5;MRPL23;NHP2;KPNB1;KPNA2;PPIA;TFDP1;TUFM;SRSF1;CNBP;ILF2;RPS6;CDC45;UBA2;PHB;SF3B3;RPL14;SMARCC1;ERH;GOT2;POLD2;RSL1D1;SERBP1;RPL34;SNRPB2;COX5A;ODC1;MRPL9;VDAC3;PTGES3;EIF2S2;MYC;ORC2;PSMD8;NPM1;EIF3D;CBX3;SF3A1;EPRS1;PSMA2;RUVBL2;CAD;COPS5;PSMA4;HDAC2;TCP1;CCT3;TXNL4A;RAN;RPL22;TYMS;CCT4;SRPK1;EIF1AX;VBP1;EIF4E;DDX18;CSTF2;HSPD1;SYNCRIP;CCT7;CDK4;YWHAE;SNRPD3;CTPS1;XPO1;ABCE1;PSMB2;ACP1;PRPS2;APEX1;PGK1;PSMA1;NOP16;NOP56;GNL3;PRPF31;HPRT1,positive
MCF7,REPOP_vs_TIS,MSigDB_Hallmark_2020,Epithelial Mesenchymal Transition,-0.7490753294881711,-1.5881692659915863,0.0,0.017934706459296623,0.008,71/200,5.05%,FLNA;TNFRSF12A;THBS1;PMEPA1;CADM1;IGFBP4;ITGB1;MGP;DKK1;TPM1;CD59;TNFRSF11B;GADD45A;DST;BASP1;SAT1;ACTA2;LAMC1;FSTL3;SERPINH1;COL5A1;PLOD3;ITGB5;MATN2;TIMP3;FAS;TGFB1;PMP22;GEM;TIMP1;MATN3;ITGAV;QSOX1;NT5E;INHBA;TPM2;SDC1;LOXL2;BMP1;ITGA2;CXCL12;SLC6A8;FZD8;CAP2;HTRA1;PFN2;FN1;VIM;PVR;EDIL3;AREG;LRRC15;VEGFA;GPC1;FERMT2;TFPI2;SGCB;CD44;TGFBI;CALD1;IGFBP3;LAMA3;COL12A1;COL16A1;OXTR;SNAI2;FUCA1;IL32;SERPINE1;SERPINE2;RHOB,negative
MCF7,REPOP_vs_TIS,MSigDB_Hallmark_2020,Coagulation,-0.7527119179333855,-1.5431076969317161,0.0035842293906810036,0.025781140535238896,0.023,36/138,5.58%,PRSS23;CLU;GSN;THBS1;WDR1;CRIP2;RAC1;TIMP3;ANXA1;KLF7;TIMP1;ISCU;GNB2;GNG12;S100A13;BMP1;ITGA2;DUSP14;ADAM9;LAMP2;CAPN2;HTRA1;CSRP1;FN1;ARF4;TFPI2;CPQ;CD9;SH2B2;F8;SERPINE1;THBD;MAFF;SERPINA1;CFD;FYN,negative
MCF7,REPOP_vs_TIS,MSigDB_Hallmark_2020,Angiogenesis,-0.9104345594665302,-1.5177279937368136,0.011299435028248588,0.03512213348278922,0.046,20/36,7.21%,NRP1;LRPAP1;TNFRSF21;TIMP1;PDGFA;ITGAV;APP;VAV2;STC1;JAG2;S100A4;VEGFA;JAG1;SLCO2A1;PTK2;THBD;MSX1;VTN;KCNJ8;COL5A2,negative
MCF7,REPOP_vs_TIS,Reactome_2022,Keratinization R-HSA-6805567,-0.8536595984703396,-1.8045005020177605,0.0,0.0,0.0,30/205,5.88%,KRT80;JUP;KRT7;KRT19;KRT15;PPL;KRT8;CAPN1;RCAN1;IVL;KRT18;PERP;PCSK6;KRT16;PRSS8;EVPL;PKP3;KRT32;ST14;PKP4;KRT13;CDSN;KRT10;CAPNS1;KRT17;KLK5;KRT83;KRTAP3-1;SPRR3;KRTAP5-10,negative
MCF7,REPOP_vs_TIS,Reactome_2022,Processing Of Capped Intron-Containing Pre-mRNA R-HSA-72203,0.8316519167239931,1.6082182803338179,0.0,0.0030545775996183968,0.003,174/242,6.56%,HNRNPA1;SNRPB;HNRNPA2B1;HNRNPUL1;SNRPD2;SRSF7;FUS;SRSF2;SRSF3;PRPF8;SNRNP200;HNRNPR;PCBP2;LSM4;RBM8A;NUP205;NUP210;SNRPA;HNRNPM;SNRPA1;SNRPG;TRA2B;HNRNPD;LSM2;PRPF4;DDX46;HNRNPA0;SNRPF;HNRNPH1;HNRNPC;RBMX;PTBP1;NUP62;HNRNPF;LSM5;PRPF3;NUP160;HNRNPA3;USP39;NUP85;CASC3;HNRNPU;CPSF2;LSM7;NUP37;PHF5A;DDX23;DDX39A;NUP88;NXT1;NUP107;SNRPE;SRSF1;NUDT21;PRPF38A;SF3A3;SRRM1;SEC13;CDC5L;SNRNP25;PUF60;THOC3;SRSF10;U2SURP;EFTUD2;SF3B3;PPIL1;YBX1;SNRNP48;THOC2;CPSF3;POLR2H;NDC1;POLR2E;SRSF4;POLR2C;UPF3B;MAGOH;SRSF9;NUP54;AAAS;SNRPB2;NUP188;GTF2F1;SRRM2;SNW1;CSTF1;NUP58;SF3B4;DHX16;PPIL3;CWC15;GLE1;LSM6;CPSF6;PDCD7;POLR2I;PPIH;RBM42;PABPN1;PAPOLA;DNAJC8;ALYREF;ELAVL1;SF3A1;THOC5;SNRNP40;RBM22;SNRPC;EIF4A3;THOC1;WTAP;METTL3;AQR;METTL14;LSM3;THOC6;SRSF6;MAGOHB;WBP11;POLDIP3;LSM8;WBP4;TXNL4A;SF3B2;SLBP;SF3A2;CTNNBL1;SART1;CSTF2T;PQBP1;PPIE;SF3B1;CWC22;NUP155;CWC27;POLR2K;SNRNP27;EIF4E;CWC25;NUP50;PRPF40A;NUP43;ZCRB1;CSTF2;CRNKL1;HNRNPL;PPWD1;ZMAT5;RBM17;MTREX;XAB2;SMNDC1;SNRPD3;POLR2G;GCFC2;CPSF4;SYMPK;TFIP11;CHERP;GPKOW;NUP133;POLR2A;NUP214;CDC40;SF1;CSTF3;SRSF11;NUP93;PLRG1;SNRNP35;PRPF31;NUP35;POLR2D,positive
MCF7,REPOP_vs_TIS,Reactome_2022,mRNA Splicing - Major Pathway R-HSA-72163,0.8314697684593975,1.5670012126306094,0.0014005602240896359,0.004327318266126062,0.013,133/181,6.56%,HNRNPA1;SNRPB;HNRNPA2B1;HNRNPUL1;SNRPD2;SRSF7;FUS;SRSF2;SRSF3;PRPF8;SNRNP200;HNRNPR;PCBP2;LSM4;RBM8A;SNRPA;HNRNPM;SNRPA1;SNRPG;TRA2B;HNRNPD;LSM2;PRPF4;DDX46;HNRNPA0;SNRPF;HNRNPH1;HNRNPC;RBMX;PTBP1;HNRNPF;LSM5;PRPF3;HNRNPA3;USP39;CASC3;HNRNPU;CPSF2;LSM7;PHF5A;DDX23;SNRPE;SRSF1;NUDT21;PRPF38A;SF3A3;SRRM1;CDC5L;PUF60;SRSF10;U2SURP;EFTUD2;SF3B3;PPIL1;YBX1;CPSF3;POLR2H;POLR2E;SRSF4;POLR2C;UPF3B;MAGOH;SRSF9;SNRPB2;GTF2F1;SRRM2;SNW1;CSTF1;SF3B4;DHX16;PPIL3;CWC15;LSM6;CPSF6;POLR2I;PPIH;RBM42;PABPN1;PAPOLA;DNAJC8;ALYREF;ELAVL1;SF3A1;SNRNP40;RBM22;SNRPC;EIF4A3;AQR;LSM3;SRSF6;MAGOHB;WBP11;LSM8;WBP4;TXNL4A;SF3B2;SF3A2;CTNNBL1;SART1;CSTF2T;PQBP1;PPIE;SF3B1;CWC22;CWC27;POLR2K;SNRNP27;CWC25;PRPF40A;CSTF2;CRNKL1;HNRNPL;PPWD1;RBM17;MTREX;XAB2;SMNDC1;SNRPD3;POLR2G;GCFC2;CPSF4;SYMPK;TFIP11;CHERP;GPKOW;POLR2A;CDC40;SF1;CSTF3;SRSF11;PLRG1;PRPF31;POLR2D,positive
MCF7,REPOP_vs_TIS,Reactome_2022,mRNA Splicing R-HSA-72172,0.8338268670561655,1.5726944756215355,0.0014084507042253522,0.005727332999284494,0.011,139/189,6.56%,HNRNPA1;SNRPB;HNRNPA2B1;HNRNPUL1;SNRPD2;SRSF7;FUS;SRSF2;SRSF3;PRPF8;SNRNP200;HNRNPR;PCBP2;LSM4;RBM8A;SNRPA;HNRNPM;SNRPA1;SNRPG;TRA2B;HNRNPD;LSM2;PRPF4;DDX46;HNRNPA0;SNRPF;HNRNPH1;HNRNPC;RBMX;PTBP1;HNRNPF;LSM5;PRPF3;HNRNPA3;USP39;CASC3;HNRNPU;CPSF2;LSM7;PHF5A;DDX23;SNRPE;SRSF1;NUDT21;PRPF38A;SF3A3;SRRM1;CDC5L;SNRNP25;PUF60;SRSF10;U2SURP;EFTUD2;SF3B3;PPIL1;YBX1;SNRNP48;CPSF3;POLR2H;POLR2E;SRSF4;POLR2C;UPF3B;MAGOH;SRSF9;SNRPB2;GTF2F1;SRRM2;SNW1;CSTF1;SF3B4;DHX16;PPIL3;CWC15;LSM6;CPSF6;PDCD7;POLR2I;PPIH;RBM42;PABPN1;PAPOLA;DNAJC8;ALYREF;ELAVL1;SF3A1;SNRNP40;RBM22;SNRPC;EIF4A3;AQR;LSM3;SRSF6;MAGOHB;WBP11;LSM8;WBP4;TXNL4A;SF3B2;SF3A2;CTNNBL1;SART1;CSTF2T;PQBP1;PPIE;SF3B1;CWC22;CWC27;POLR2K;SNRNP27;CWC25;PRPF40A;ZCRB1;CSTF2;CRNKL1;HNRNPL;PPWD1;ZMAT5;RBM17;MTREX;XAB2;SMNDC1;SNRPD3;POLR2G;GCFC2;CPSF4;SYMPK;TFIP11;CHERP;GPKOW;POLR2A;CDC40;SF1;CSTF3;SRSF11;PLRG1;SNRNP35;PRPF31;POLR2D,positive
MCF7,REPOP_vs_TIS,Reactome_2022,Mitochondrial Translation Termination R-HSA-5419276,0.8873641256540195,1.508248317344007,0.0,0.032709435129247,0.138,67/82,6.00%,MRPL11;MRPS18B;MRPS2;GADD45GIP1;OXA1L;MRPL42;MRPL35;MRPL51;MRPL34;CHCHD1;MRPL16;MRPL23;MRPL4;ERAL1;MRPL37;MRPS26;MRPL12;MRPL40;MRPS11;MRPL10;MRPS7;MRPL30;MRPL58;MRPS27;MRPS15;MRPL24;MRPS31;MRPS30;MRPL48;MRPL13;MRPS33;MRPS5;MRPL9;MRRF;MRPL57;MRPS10;MRPL43;MRPL17;PTCD3;MRPL52;MRPS14;MRPL14;MRPS18C;MRPL41;MRPL33;MRPL39;MRPL1;MRPL55;MRPL45;MRPS34;MRPS16;MRPS17;MRPS9;AURKAIP1;MRPS36;MRPL46;MRPL54;MRPL19;MRPL18;MRPL44;MRPL3;MRPL50;MRPS35;MRPL15;MRPS18A;MRPL53;MRPL38,positive
MCF7,REPOP_vs_TIS,Reactome_2022,Mitochondrial Translation Elongation R-HSA-5389840,0.8839461029771536,1.5026137552918886,0.0,0.03425490593857773,0.161,67/82,6.00%,MRPL11;MRPS18B;MRPS2;GADD45GIP1;OXA1L;MRPL42;MRPL35;MRPL51;MRPL34;CHCHD1;MRPL16;MRPL23;MRPL4;ERAL1;TUFM;MRPL37;MRPS26;MRPL12;MRPL40;MRPS11;MRPL10;MRPS7;MRPL30;MRPL58;MRPS27;MRPS15;MRPL24;MRPS31;MRPS30;MRPL48;MRPL13;MRPS33;MRPS5;MRPL9;MRPL57;MRPS10;MRPL43;MRPL17;PTCD3;MRPL52;MRPS14;MRPL14;MRPS18C;MRPL41;MRPL33;MRPL39;MRPL1;MRPL55;MRPL45;MRPS34;MRPS16;MRPS17;MRPS9;AURKAIP1;MRPS36;MRPL46;MRPL54;MRPL19;MRPL18;MRPL44;MRPL3;MRPL50;MRPS35;MRPL15;MRPS18A;MRPL53;MRPL38,positive
MCF7,REPOP_vs_TIS,Reactome_2022,Mitochondrial Translation Initiation R-HSA-5368286,0.884936861038868,1.5087600862755217,0.0,0.038793135515153634,0.136,67/82,6.00%,MRPL11;MRPS18B;MRPS2;GADD45GIP1;OXA1L;MRPL42;MRPL35;MRPL51;MRPL34;CHCHD1;MRPL16;MRPL23;MRPL4;ERAL1;MRPL37;MRPS26;MRPL12;MRPL40;MRPS11;MRPL10;MRPS7;MRPL30;MRPL58;MRPS27;MRPS15;MRPL24;MRPS31;MRPS30;MRPL48;MRPL13;MRPS33;MRPS5;MRPL9;MRPL57;MTIF2;MRPS10;MRPL43;MRPL17;PTCD3;MRPL52;MRPS14;MRPL14;MRPS18C;MRPL41;MRPL33;MRPL39;MRPL1;MRPL55;MRPL45;MRPS34;MRPS16;MRPS17;MRPS9;AURKAIP1;MRPS36;MRPL46;MRPL54;MRPL19;MRPL18;MRPL44;MRPL3;MRPL50;MRPS35;MRPL15;MRPS18A;MRPL53;MRPL38,positive
MCF7,REPOP_vs_TIS,Reactome_2022,Mitochondrial Translation R-HSA-5368287,0.8811707139438729,1.5141160075114122,0.0,0.040282242094967606,0.115,69/88,6.00%,MRPL11;MRPS18B;MRPS2;GADD45GIP1;OXA1L;MRPL42;MRPL35;MRPL51;MRPL34;CHCHD1;MRPL16;MRPL23;MRPL4;ERAL1;TUFM;MRPL37;MRPS26;MRPL12;MRPL40;MRPS11;MRPL10;MRPS7;MRPL30;MRPL58;MRPS27;MRPS15;MRPL24;MRPS31;MRPS30;MRPL48;MRPL13;MRPS33;MRPS5;MRPL9;MRRF;MRPL57;MTIF2;MRPS10;MRPL43;MRPL17;PTCD3;MRPL52;MRPS14;MRPL14;MRPS18C;MRPL41;MRPL33;MRPL39;MRPL1;MRPL55;MRPL45;MRPS34;MRPS16;MRPS17;MRPS9;AURKAIP1;MRPS36;MRPL46;MRPL54;MRPL19;MRPL18;MRPL44;MRPL3;MRPL50;MRPS35;MRPL15;MRPS18A;MRPL53;MRPL38,positive
MCF7,TIS_vs_CTR,MSigDB_Hallmark_2020,Epithelial Mesenchymal Transition,0.7954398322400574,1.6989500852583126,0.0,0.0,0.0,83/200,5.85%,FLNA;TNFRSF12A;PMEPA1;IGFBP4;CADM1;THBS1;TPM1;CD59;TIMP3;MGP;ITGB1;RHOB;LAMC1;TNFRSF11B;FSTL3;TIMP1;SDC1;ITGA2;JUN;PLOD3;COL5A1;TGFB1;GADD45A;DKK1;ITGB5;ACTA2;MATN2;PMP22;ITGAV;QSOX1;CXCL12;PFN2;GEM;SLC6A8;MATN3;NT5E;VEGFA;TPM2;DST;BASP1;INHBA;FAS;SERPINH1;CCN2;LOXL2;FZD8;CAP2;FERMT2;WIPF1;BMP1;HTRA1;AREG;FN1;LAMA3;LRRC15;GPC1;ENO2;EDIL3;IGFBP3;SAT1;TFPI2;CD44;VIM;TGFBI;COL12A1;COL6A2;MSX1;DAB2;OXTR;LRP1;PVR;SNAI2;FUCA1;IL32;SERPINE1;COL1A1;SERPINE2;COL16A1;LAMC2;LOXL1;APLP1;SPOCK1;P3H1,positive
MCF7,TIS_vs_CTR,MSigDB_Hallmark_2020,E2F Targets,-0.826490745360803,-1.5097840284204505,0.0,0.001846856698500644,0.004,158/200,7.74%,H2AZ1;POP7;MKI67;RAD51C;HMGB2;CKS1B;TOP2A;CTCF;TMPO;SMC4;MTHFD2;USP1;RAD21;BRCA2;KIF22;ATAD2;CBX5;TACC3;DEK;BIRC5;UBE2S;LMNB1;EZH2;RACGAP1;MCM7;NCAPD2;CDK1;AURKB;SMC3;DNMT1;MYBL2;CDKN3;DCLRE1B;TIMELESS;BRCA1;UBE2T;STMN1;H2AX;SSRP1;PLK1;ANP32E;AURKA;CENPE;CDKN1B;RNASEH2A;PTTG1;RPA3;NUP205;CCP110;TK1;ILF3;DLGAP5;HMGB3;HMMR;POLD3;NBN;KIF4A;TCF19;MELK;TRA2B;SPAG5;MCM4;EXOSC8;PAN2;PPP1R8;CDC20;MCM3;RFC2;DCTPP1;SRSF2;GINS1;DEPDC1;KIF2C;MCM2;MCM5;NUP107;CIT;ESPL1;PSIP1;CCNB2;CHEK1;ASF1B;PCNA;MAD2L1;CDCA3;PHF5A;MXD3;CDC25B;SHMT1;CENPM;PPM1D;SNRPB;BARD1;ORC6;CDK4;NASP;STAG1;SPC24;CDCA8;CNOT9;RRM2;RAD1;KIF18B;BUB1B;PSMC3IP;MSH2;UBR7;NAA38;CDKN2C;RPA1;E2F8;PLK4;RFC3;SLBP;PDS5B;LBR;SMC1A;LIG1;PRDX4;RPA2;PRKDC;PMS2;DDX39A;RAD51AP1;MCM6;SMC6;HELLS;SUV39H1;DIAPH3;CKS2;TBRG4;UNG;RANBP1;DUT;MRE11;RFC1;ASF1A;RBBP7;TIPIN;ING3;GINS4;SPC25;TUBG1;GINS3;TRIP13;CDC25A;TP53;POLE;CCNE1;HMGA1;MLH1;DCK;CHEK2;LYAR;ZW10;POLD1;PRIM2;NUDT21,negative
MCF7,TIS_vs_CTR,MSigDB_Hallmark_2020,G2-M Checkpoint,-0.8155095888073034,-1.479730772397355,0.0,0.0034628563096887077,0.015,137/200,6.18%,SLC7A5;HMGN2;H2AZ1;MKI67;H2AZ2;SMC2;CKS1B;PURA;TOP2A;CTCF;TMPO;SMC4;DBF4;CENPF;TPX2;RAD21;BRCA2;KIF22;SFPQ;HOXC10;TACC3;BIRC5;SLC7A1;UBE2S;LMNB1;EZH2;RACGAP1;FOXN3;PRC1;CDK1;AURKB;MYBL2;KIF11;CDKN3;CCNF;NDC80;STMN1;H2AX;CBX1;PLK1;NCL;AURKA;NUMA1;CENPE;KIF5B;CDKN1B;PTTG1;TTK;ILF3;INCENP;HMGB3;HMMR;UBE2C;KNL1;TROAP;EWSR1;DTYMK;NSD2;KIF23;STIL;KIF4A;TRA2B;CCNA2;CDC20;MCM3;KIF20B;SRSF2;KIF2C;MCM2;MCM5;NUP50;ESPL1;LIG3;NEK2;CCNB2;CHEK1;BUB1;PBK;KIF15;FBXO5;MAD2L1;EXO1;CDC25B;PRPF4B;CHAF1A;RBM14;HNRNPU;BARD1;CDC7;POLQ;ORC6;CDK4;ODF2;NASP;STAG1;ODC1;ABL1;SAP30;CDC27;UCK2;CDKN2C;CENPA;PLK4;CCNT1;PDS5B;FANCC;LBR;CDC6;SMC1A;TLE3;CDC45;MNAT1;ATRX;CASP8AP2;YTHDC1;DR1;RPA2;GINS2;DDX39A;E2F1;MCM6;SUV39H1;CKS2;RBL1;SRSF10;NUSAP1;NOTCH2;PRMT5;KMT5A;SNRPD1;HIRA;RAD54L;DKC1;RPS6KA5;TRAIP;MT2A;CDC25A,negative
MCF7,TIS_vs_CTR,MSigDB_Hallmark_2020,Estrogen Response Early,0.7527518792670269,1.6259506687300527,0.0,0.007006441405808566,0.004,133/200,5.02%,PRSS23;KRT19;KRT18;CCND1;HSPB8;KRT8;RAB31;TFF1;SH3BP5;UGCG;SLC7A2;STC2;IGFBP4;BAG1;ABAT;BHLHE40;RHOD;CA12;RET;RHOBTB3;PAPSS2;KCNK15;KCNK5;OPN3;WWC1;CELSR2;SLC26A2;CCN5;SEMA3B;KRT15;PODXL;MYOF;GREB1;FKBP4;FAM102A;RASGRP1;OLFM1;THSD4;GFRA1;KLF10;NRIP1;SVIL;CLDN7;ZNF185;ELF3;AQP3;SLC9A3R1;MAST4;PGR;CELSR1;IGF1R;FLNB;DYNLT3;PLAAT3;TPD52L1;CXCL12;TIPARP;RARA;KLF4;BCL2;ELF1;CALB2;CLIC3;TMEM164;ADCY1;KDM4B;INPP5F;SYBU;AMFR;FOXC1;CYP26B1;MREG;RETREG1;JAK2;PDZK1;MLPH;SCARB1;CBFA2T3;FARP1;HR;DEPTOR;TFF3;FHL2;EGR3;NADSYN1;ELOVL5;WFS1;INHBB;AREG;PTGES;REEP1;RPS6KA2;TIAM1;MAPT;MICB;MYBBP1A;SYT12;ANXA9;SYNGR1;IL6ST;OLFML3;SLC39A6;TFAP2C;PMAIP1;KRT13;KAZN;ABCA3;CISH;SLC22A5;CALCR;RAPGEFL1;ABHD2;IL17RB;CD44;SLC2A1;SNX24;P2RY2;B4GALT1;TUBB2B;GAB2;NBL1;SULT2B1;SLC24A3;PDLIM3;SEC14L2;LAD1;NCOR2;MYC;NAV2;ARL3;FRK;MED13L;DHCR7,positive
MCF7,TIS_vs_CTR,MSigDB_Hallmark_2020,Coagulation,0.7545065690908671,1.560049661867022,0.0,0.029193505857535693,0.025,39/138,5.23%,CLU;PRSS23;GSN;THBS1;TIMP3;CSRP1;TIMP1;ITGA2;WDR1;CD9;ANXA1;PDGFB;CRIP2;KLF7;LTA4H;CTSH;GNG12;LAMP2;ADAM9;ARF4;HPN;MAFF;CAPN2;BMP1;HTRA1;FN1;CTSB;S100A13;THBD;SH2B2;CPQ;TFPI2;RAC1;LRP1;USP11;FURIN;SERPINE1;SERPINA1;MMP15,positive
MCF7,TIS_vs_CTR,MSigDB_Hallmark_2020,Angiogenesis,0.9007512692053685,1.5171436938480976,0.006622516556291391,0.04641767431348175,0.051,17/36,4.38%,NRP1;APP;TIMP1;PDGFA;ITGAV;VAV2;STC1;TNFRSF21;JAG2;VEGFA;LRPAP1;PTK2;S100A4;THBD;JAG1;MSX1;SLCO2A1,positive
MCF7,TIS_vs_CTR,Reactome_2022,Olfactory Signaling Pathway R-HSA-381753,0.8109258537431582,1.8622717942022542,0.0,0.0,0.0,3/394,3.73%,GNB1;REEP1;LHX2,positive
MCF7,TIS_vs_CTR,Reactome_2022,Keratinization R-HSA-6805567,0.8245528908699649,1.7696033897982804,0.0,0.0,0.0,30/205,5.71%,KRT19;KRT80;KRT18;KRT8;JUP;KRT15;KRT7;CAPN1;PPL;IVL;RCAN1;PCSK6;CAPNS1;EVPL;KRT16;PKP3;PERP;ST14;KRT32;PKP4;KRT13;KAZN;CDSN;FURIN;KLK5;KRTAP5-10;KRT17;PKP2;SPRR3;KRTAP3-1,positive
MCF7,TIS_vs_CTR,Reactome_2022,Mitochondrial Translation Elongation R-HSA-5389840,-0.896733001613585,-1.4869639482492736,0.0,0.011300420658803115,0.048,68/82,7.05%,MRPL41;MRPS34;MRPL57;CHCHD1;MRPL16;MRPS2;MRPL14;MRPL11;TUFM;MRPL58;MRPS33;GADD45GIP1;MRPL9;MRPL20;MRPL34;MRPS18B;MRPL51;MRPL23;MRPL36;MRPS11;MRPL40;MRPS26;MRPS17;MRPS30;MRPL52;MRPL42;MRPL54;MRPS10;MRPL12;MRPL50;MRPL37;MRPL43;MRPL10;MRPS16;ERAL1;MRPL44;MRPS7;MRPL46;MRPL48;MRPS14;MRPL35;MRPS35;MRPL55;MRPL1;OXA1L;MRPS15;MRPL17;AURKAIP1;MRPS27;MRPS31;MRPL33;MRPL49;MRPL24;MRPL18;MRPL15;MRPS5;MRPL4;MRPL13;MRPS18A;MRPL19;MRPS18C;MRPL32;MRPL21;MRPL45;MRPL53;MRPL30;MRPL38;MRPS36,negative
MCF7,TIS_vs_CTR,Reactome_2022,Mitochondrial Translation Termination R-HSA-5419276,-0.898478459409403,-1.4917532881579214,0.0,0.011609175321611943,0.038,73/82,8.32%,MRPL41;MRPS34;MRPL57;CHCHD1;MRPL16;MRPS2;MRPL14;MRPL11;MRPL58;MRPS33;GADD45GIP1;MRPL9;MRPL20;MRPL34;MRPS18B;MRPL51;MRPL23;MRPL36;MRPS11;MRPL40;MRPS26;MRPS17;MRPS30;MRPL52;MRPL42;MRPL54;MRPS10;MRPL12;MRPL50;MRPL37;MRPL43;MRPL10;MRPS16;ERAL1;MRPL44;MRPS7;MRPL46;MRPL48;MRPS14;MRPL35;MRPS35;MRPL55;MRPL1;OXA1L;MRPS15;MRPL17;AURKAIP1;MRPS27;MRPS31;MRPL33;MRPL49;MRPL24;MRPL18;MRPL15;MRPS5;MRPL4;MRRF;MRPL13;MRPS18A;MRPL19;MRPS18C;MRPL32;MRPL21;MRPL45;MRPL53;MRPL30;MRPL38;MRPS36;MRPS9;MTRF1L;MRPS23;MRPL39;MRPL47,negative
MCF7,TIS_vs_CTR,Reactome_2022,Mitochondrial Translation Initiation R-HSA-5368286,-0.900992514423112,-1.4917593856949396,0.0,0.017413762982417914,0.038,69/82,7.05%,MRPL41;MRPS34;MRPL57;CHCHD1;MRPL16;MRPS2;MRPL14;MRPL11;MRPL58;MRPS33;GADD45GIP1;MRPL9;MRPL20;MRPL34;MRPS18B;MRPL51;MRPL23;MRPL36;MRPS11;MRPL40;MTIF3;MRPS26;MTIF2;MRPS17;MRPS30;MRPL52;MRPL42;MRPL54;MRPS10;MRPL12;MRPL50;MRPL37;MRPL43;MRPL10;MRPS16;ERAL1;MRPL44;MRPS7;MRPL46;MRPL48;MRPS14;MRPL35;MRPS35;MRPL55;MRPL1;OXA1L;MRPS15;MRPL17;AURKAIP1;MRPS27;MRPS31;MRPL33;MRPL49;MRPL24;MRPL18;MRPL15;MRPS5;MRPL4;MRPL13;MRPS18A;MRPL19;MRPS18C;MRPL32;MRPL21;MRPL45;MRPL53;MRPL30;MRPL38;MRPS36,negative
MCF7,TIS_vs_CTR,Reactome_2022,Mitochondrial Translation R-HSA-5368287,-0.8946287052612809,-1.4984228788541505,0.0,0.021489324531494446,0.026,76/88,8.32%,MRPL41;MRPS34;MRPL57;CHCHD1;MRPL16;MRPS2;MRPL14;MRPL11;TUFM;MRPL58;MRPS33;GADD45GIP1;MRPL9;MRPL20;MRPL34;MRPS18B;MRPL51;MRPL23;MRPL36;MRPS11;MRPL40;MTIF3;MRPS26;MTIF2;MRPS17;MRPS30;MRPL52;MRPL42;MRPL54;MRPS10;MRPL12;MRPL50;MRPL37;MRPL43;MRPL10;MRPS16;ERAL1;MRPL44;MRPS7;MRPL46;MRPL48;MRPS14;MRPL35;MRPS35;MRPL55;MRPL1;OXA1L;MRPS15;MRPL17;AURKAIP1;MRPS27;MRPS31;MRPL33;MRPL49;MRPL24;MRPL18;MRPL15;MRPS5;MRPL4;MRRF;MRPL13;MRPS18A;MRPL19;MRPS18C;MRPL32;MRPL21;MRPL45;MRPL53;MRPL30;MRPL38;MRPS36;MRPS9;MTRF1L;MRPS23;MRPL39;MRPL47,negative
MCF7,TIS_vs_CTR,Reactome_2022,Processing Of Capped Intron-Containing Pre-mRNA R-HSA-72203,-0.8012610730096548,-1.4710066136345146,0.0,0.022971346912976823,0.106,182/242,8.58%,HNRNPA0;HNRNPR;HNRNPF;PRPF3;HNRNPUL1;SNRPD2;CCAR1;NXT1;CPSF6;SNRPG;RBM8A;BCAS2;SNRNP25;SEC13;CHTOP;PRPF4;FUS;NUP205;PRPF8;PRCC;PCBP1;SF3B2;SRRT;LSM7;CPSF4;DDX23;SNW1;UPF3B;NUP160;CSTF1;CASC3;TRA2B;LSM3;NUP62;PTBP1;LSM5;POLR2H;SNRNP200;CDC5L;CPSF2;SRSF2;WDR33;SNRPE;RBM22;WTAP;LSM4;THOC1;NUP50;NUP107;WBP4;POLR2G;PUF60;BUD31;METTL14;THOC3;PHF5A;SNRPA;TFIP11;GTF2F1;NUP88;SART1;EFTUD2;RBM17;SNRPB;HNRNPU;CRNKL1;PRPF38A;SF3A3;HNRNPH1;HNRNPM;SF3B3;POLR2I;SNRPF;POLR2J;SRSF3;SF3A1;DNAJC8;RANBP2;CWC27;CSTF3;CWC22;U2SURP;POLR2E;TXNL4A;NCBP2;SF1;ZCRB1;NDC1;POLR2C;WBP11;POLDIP3;POLR2D;NUP37;ELAVL1;SRSF7;SNRPA1;PPIL3;LSM2;SRSF4;SLBP;MAGOH;SNRNP35;USP39;RBMX;AAAS;SNRNP48;NUP210;SNRNP40;PPIH;LSM8;PPWD1;SF3B4;PQBP1;DDX39A;SRSF9;CWC15;PPIE;DHX38;HNRNPA2B1;AQR;PABPN1;NUP85;DDX42;DHX16;ZMAT5;CSTF2;NUP214;PLRG1;SNRNP27;SF3B5;HNRNPK;SRSF10;CSTF2T;CTNNBL1;PCBP2;PRPF40A;GLE1;MAGOHB;PPIL1;SMNDC1;DHX15;SUGP1;CWC25;CPSF7;PRPF31;EIF4A3;U2AF2;CPSF3;CD2BP2;POM121C;NUP54;NUP133;ZRSR2;PRPF19;CHERP;HNRNPH2;DDX39B;XAB2;HNRNPC;PRPF6;GCFC2;SF3A2;NUP43;RBM42;CDC40;NUP188;THOC5;MTREX;SRRM2;SYMPK;NUDT21;SF3B6;SRSF6;EIF4E;PPIL4;NUP35;NXF1;NUP153;SARNP;U2AF1L4;GTF2F2;NUP58,negative
MCF7,TIS_vs_CTR,Reactome_2022,Muscle Contraction R-HSA-397014,0.7409127438740012,1.6481677077821182,0.0,0.027500960785362984,0.055,43/195,4.76%,ANXA2;MYL12B;MYL12A;HIPK2;TPM1;KCNK15;MYL6;KCNK5;ATP2B1;CACNG4;CAMK2B;KCNK6;ANXA6;ITGB5;ACTA2;ORAI2;PXDN;SCN1B;ATP2B4;ANXA1;FGF12;TPM3;AKAP9;ATP1B1;TPM2;CALM1;TMOD2;AHCYL1;ITPR2;MYL5;CACNA1H;SRI;ITPR1;ATP1B3;VCL;ATP2A3;KAT2B;ASPH;VIM;DMPK;ATP2A2;FXYD3;TNNI2,positive
MCF7,TIS_vs_CTR,Reactome_2022,Expression And Translocation Of Olfactory Receptors R-HSA-9752946,0.7193653212879184,1.6534128942688888,0.0,0.030647836895130887,0.049,3/386,6.99%,REEP1;LHX2;OR8A1,positive
MCF7,TIS_vs_CTR,Reactome_2022,DNA Repair R-HSA-73894,-0.7888400745323517,-1.4578886931135848,0.0,0.03779157072780057,0.219,185/307,8.65%,H2AZ1;YY1;H2BC5;RAD51C;H2AZ2;FEN1;USP1;BRCA2;BAZ1B;PCLAF;ALKBH5;MDC1;DCLRE1B;BRIP1;TIMELESS;BRCA1;UBE2T;H2AX;TCEA1;RNF168;TERF2;CENPX;RPA3;FANCI;POLE3;POLD3;BLM;RMI1;NSD2;RMI2;FANCD2;CCNA2;RFC2;POLR2H;PIAS3;GTF2H5;BRCC3;DCLRE1A;SEM1;PIAS4;TDP2;RFC5;CHEK1;UBB;UIMC1;RPS27A;SMUG1;POLR2G;PCNA;EXO1;MBD4;ZNF830;PARP1;TDP1;FANCF;TERF1;TOPBP1;RFC4;BARD1;RHNO1;RUVBL1;RNF8;EME1;POLR2I;TINF2;POLR2J;ABL1;ALKBH2;RCHY1;POLR2E;MSH2;POLR2C;SMARCA5;POLR2D;CLSPN;PARP2;APEX1;DCLRE1C;SUMO1;BABAM1;SPIDR;H2AC20;H2AJ;XRCC2;RFC3;GEN1;UBE2V2;H2BC11;XRCC1;UBE2N;H2BC9;POLI;FANCC;PAXIP1;NTHL1;COPS5;KDM4A;MNAT1;LRIG1;PPP4R2;DTL;RAD9A;PRKDC;H2AC6;PMS2;FANCM;POLH;PPIE;INO80;RAD51AP1;ERCC3;RAD17;NEIL3;AQR;USP32;FANCA;INO80E;FAAP24;PNKP;MCRS1;UNG;XRCC3;MAPK8;GTF2H3;POLR1B;CUL4B;MRE11;LRIF1;CDK2;XRCC4;MAD2L2;TIPIN;TOP3A;FANCB;FAN1;TRIM25;RAD51;KAT5;TP53BP1;COPS4;EP300;INO80D;RAD51B;PRPF19;COPS3;POLE2;INO80C;TP53;XAB2;XPA;FANCG;PIAS1;ASCC2;POLE;USP7;MSH6;FANCE;SPRTN;RBX1;MLH1;DNA2;EYA3;RAD51D;POLL;SLX4;CHEK2;POLD1;ERCC4;SLC19A1;RAD52;RAD18;ALKBH3;NEIL1;POLE4;RAD50;LIG4;BABAM2;KPNA2;PPP5C;POT1;OGG1;MUTYH;COPS2;WRN;H2BC12,negative
MCF7,TIS_vs_CTR,Reactome_2022,mRNA Splicing R-HSA-72172,-0.8068306119768777,-1.4520735729377172,0.0,0.04009693887677316,0.271,142/189,7.79%,HNRNPA0;HNRNPR;HNRNPF;PRPF3;HNRNPUL1;SNRPD2;CCAR1;CPSF6;SNRPG;RBM8A;BCAS2;SNRNP25;PRPF4;FUS;PRPF8;PRCC;PCBP1;SF3B2;SRRT;LSM7;CPSF4;DDX23;SNW1;UPF3B;CSTF1;CASC3;TRA2B;LSM3;PTBP1;LSM5;POLR2H;SNRNP200;CDC5L;CPSF2;SRSF2;WDR33;SNRPE;RBM22;LSM4;WBP4;POLR2G;PUF60;BUD31;PHF5A;SNRPA;TFIP11;GTF2F1;SART1;EFTUD2;RBM17;SNRPB;HNRNPU;CRNKL1;PRPF38A;SF3A3;HNRNPH1;HNRNPM;SF3B3;POLR2I;SNRPF;POLR2J;SRSF3;SF3A1;DNAJC8;CWC27;CSTF3;CWC22;U2SURP;POLR2E;TXNL4A;NCBP2;SF1;ZCRB1;POLR2C;WBP11;POLR2D;ELAVL1;SRSF7;SNRPA1;PPIL3;LSM2;SRSF4;MAGOH;SNRNP35;USP39;RBMX;SNRNP48;SNRNP40;PPIH;LSM8;PPWD1;SF3B4;PQBP1;SRSF9;CWC15;PPIE;DHX38;HNRNPA2B1;AQR;PABPN1;DDX42;DHX16;ZMAT5;CSTF2;PLRG1;SNRNP27;SF3B5;HNRNPK;SRSF10;CSTF2T;CTNNBL1;PCBP2;PRPF40A;MAGOHB;PPIL1;SMNDC1;DHX15;SUGP1;CWC25;CPSF7;PRPF31;EIF4A3;U2AF2;CPSF3;CD2BP2;ZRSR2;PRPF19;CHERP;HNRNPH2;XAB2;HNRNPC;PRPF6;GCFC2;SF3A2;RBM42;CDC40;MTREX;SRRM2;SYMPK;NUDT21;SF3B6;SRSF6,negative
MCF7,TIS_vs_CTR,Reactome_2022,DNA Double-Strand Break Repair R-HSA-5693532,-0.8254103988681567,-1.4588743616704059,0.0011806375442739079,0.04075561549076533,0.204,97/147,8.65%,H2BC5;RAD51C;FEN1;BRCA2;BAZ1B;MDC1;BRIP1;TIMELESS;BRCA1;H2AX;RNF168;RPA3;POLE3;POLD3;BLM;RMI1;NSD2;RMI2;CCNA2;RFC2;BRCC3;SEM1;PIAS4;TDP2;RFC5;CHEK1;UBB;UIMC1;RPS27A;PCNA;EXO1;PARP1;TDP1;TOPBP1;RFC4;BARD1;RHNO1;RNF8;EME1;ABL1;SMARCA5;CLSPN;PARP2;DCLRE1C;SUMO1;BABAM1;SPIDR;XRCC2;RFC3;GEN1;UBE2V2;H2BC11;XRCC1;UBE2N;H2BC9;PAXIP1;KDM4A;PPP4R2;RAD9A;PRKDC;POLH;RAD51AP1;RAD17;XRCC3;MAPK8;POLR1B;MRE11;LRIF1;CDK2;XRCC4;TIPIN;TOP3A;RAD51;KAT5;TP53BP1;RAD51B;POLE2;TP53;POLE;DNA2;EYA3;RAD51D;POLL;SLX4;CHEK2;POLD1;ERCC4;SLC19A1;RAD52;POLE4;RAD50;LIG4;BABAM2;KPNA2;PPP5C;WRN;H2BC12,negative
MCF7,TIS_vs_CTR,Reactome_2022,Telomere Maintenance R-HSA-157579,-0.8633199558245855,-1.453005683571017,0.0,0.043349154658359486,0.264,59/90,9.16%,H2AZ1;H2BC5;H2AZ2;FEN1;H2AX;TERF2;RPA3;NOP10;NHP2;DAXX;POLD3;BLM;PRIM1;CCNA2;RFC2;POLR2H;RFC5;POLR2G;PCNA;SHQ1;TERF1;RFC4;RUVBL1;PIF1;POLR2I;TINF2;POLR2J;WRAP53;PPP6C;POLR2E;POLR2C;POLR2D;H2AC20;H2AJ;RFC3;H2BC11;H2BC9;ATRX;LRIG1;H2AC6;POLA1;POLR1B;PPP6R3;CDK2;DKC1;CHTF18;DNA2;CTC1;RUVBL2;POLD1;PRIM2;SLC19A1;POT1;WRN;DSCC1;H2BC12;ANKRD28;GAR1;POLA2,negative
MCF7,TIS_vs_CTR,Reactome_2022,mRNA Splicing - Major Pathway R-HSA-72163,-0.8054593504531598,-1.4454432147347802,0.0011682242990654205,0.049129041946140754,0.34,136/181,7.79%,HNRNPA0;HNRNPR;HNRNPF;PRPF3;HNRNPUL1;SNRPD2;CCAR1;CPSF6;SNRPG;RBM8A;BCAS2;PRPF4;FUS;PRPF8;PRCC;PCBP1;SF3B2;SRRT;LSM7;CPSF4;DDX23;SNW1;UPF3B;CSTF1;CASC3;TRA2B;LSM3;PTBP1;LSM5;POLR2H;SNRNP200;CDC5L;CPSF2;SRSF2;WDR33;SNRPE;RBM22;LSM4;WBP4;POLR2G;PUF60;BUD31;PHF5A;SNRPA;TFIP11;GTF2F1;SART1;EFTUD2;RBM17;SNRPB;HNRNPU;CRNKL1;PRPF38A;SF3A3;HNRNPH1;HNRNPM;SF3B3;POLR2I;SNRPF;POLR2J;SRSF3;SF3A1;DNAJC8;CWC27;CSTF3;CWC22;U2SURP;POLR2E;TXNL4A;NCBP2;SF1;POLR2C;WBP11;POLR2D;ELAVL1;SRSF7;SNRPA1;PPIL3;LSM2;SRSF4;MAGOH;USP39;RBMX;SNRNP40;PPIH;LSM8;PPWD1;SF3B4;PQBP1;SRSF9;CWC15;PPIE;DHX38;HNRNPA2B1;AQR;PABPN1;DDX42;DHX16;CSTF2;PLRG1;SNRNP27;SF3B5;HNRNPK;SRSF10;CSTF2T;CTNNBL1;PCBP2;PRPF40A;MAGOHB;PPIL1;SMNDC1;DHX15;SUGP1;CWC25;CPSF7;PRPF31;EIF4A3;U2AF2;CPSF3;CD2BP2;PRPF19;CHERP;HNRNPH2;XAB2;HNRNPC;PRPF6;GCFC2;SF3A2;RBM42;CDC40;MTREX;SRRM2;SYMPK;NUDT21;SF3B6;SRSF6,negative
T47D,REPOP_vs_CTR,MSigDB_Hallmark_2020,Myc Targets V1,-0.9013531958625068,-1.3588857751797172,0.0,0.0,0.0,174/200,7.08%,RPS2;RPLP0;EPRS1;NPM1;RPS3;RPL6;XPOT;NME1;RAN;HSPD1;EIF2S2;IARS1;H2AZ1;HNRNPA3;RPL14;HNRNPA2B1;SRSF3;HNRNPC;RPS6;EEF1B2;HNRNPA1;PABPC1;DDX21;EIF4G2;RAD23B;SYNCRIP;NAP1L1;CCT5;G3BP1;HNRNPU;RPS5;EIF4H;FBL;HDGF;PTGES3;TOMM70;PPIA;MCM2;PRDX4;CCT3;RPS10;SRSF7;RSL1D1;TRA2B;LDHA;ILF2;NOP56;SLC25A3;XRCC6;PGK1;C1QBP;XPO1;TCP1;EIF2S1;PSMC6;APEX1;PSMA2;ABCE1;HNRNPD;IMPDH2;PSMA7;CCT2;SET;CLNS1A;ETF1;PABPC4;MYC;SRM;EIF1AX;CNBP;KPNB1;PSMB3;CDK4;DHX15;ODC1;TARDBP;PWP1;UBE2E1;DUT;HDAC2;KARS1;KPNA2;GLO1;SNRPA;AIMP2;NOP16;MAD2L1;YWHAE;NCBP1;TYMS;HSP90AB1;TFDP1;MCM4;GSPT1;PHB2;EIF3B;RFC4;PA2G4;ACP1;SRSF2;PCNA;USP1;HPRT1;CCT4;SF3B3;RANBP1;RACK1;PSMC4;SSBP1;RRM1;SERBP1;PSMB2;RPL22;NDUFAB1;MRPL9;EIF3D;MCM5;PSMD14;PCBP1;TRIM28;VDAC3;UBA2;CCNA2;PPM1G;CCT7;CYC1;MCM7;YWHAQ;PHB;PRPF31;HNRNPR;ORC2;RPL18;IFRD1;EIF4E;MRPS18B;MRPL23;NHP2;SSB;TUFM;GNL3;SNRPD3;SRSF1;CDC20;RUVBL2;CBX3;PSMA1;COPS5;CSTF2;PRDX3;BUB3;CDC45;NOLC1;SNRPD1;DDX18;ERH;VBP1;RRP9;PSMD8;FAM120A;POLD2;EXOSC7;CTPS1;CUL1;SRPK1;PSMD1;NCBP2;RNPS1;PSMA4;STARD7;LSM7;MCM6;HSPE1;DEK,negative
T47D,REPOP_vs_CTR,MSigDB_Hallmark_2020,E2F Targets,-0.8572176809180095,-1.2961813625524834,0.0,0.005328358824256915,0.011,173/200,8.34%,TFRC;NME1;RAN;H2AZ1;MTHFD2;SYNCRIP;NAP1L1;PAICS;TUBB;SNRPB;MLH1;MCM2;PRDX4;DDX39A;PRKDC;TRA2B;TMPO;SMC4;NBN;NOP56;CSE1L;XRCC6;STMN1;XPO1;TK1;EIF2S1;TP53;HNRNPD;CKS1B;TIMELESS;MYC;SMC3;IPO7;CDKN2A;LBR;SSRP1;H2AX;RAD21;CENPM;CDK4;NASP;DUT;RFC3;KPNA2;ILF3;DIAPH3;NUP107;TRIP13;ANP32E;RAD51C;MAD2L1;JPT1;EXOSC8;STAG1;CHEK1;MCM4;GSPT1;WEE1;PA2G4;SHMT1;SRSF2;AK2;ZW10;PCNA;AURKB;USP1;EZH2;HELLS;RACGAP1;RANBP1;CDKN3;RPA3;CTCF;POLE4;POLA2;DSCC1;MCM5;LYAR;EED;CCNB2;MRE11;MELK;MCM7;ING3;PDS5B;BUB1B;RFC2;ESPL1;KIF4A;CDKN1B;MYBL2;BRMS1L;ATAD2;SUV39H1;TIPIN;ORC2;BRCA2;DONSON;BRCA1;NUDT21;DEPDC1;SPC24;PPP1R8;RPA1;KIF22;NUP153;ASF1A;CDK1;RAD1;DCTPP1;SRSF1;NUP205;CDC20;POLE;DLGAP5;TCF19;PRPS1;PSIP1;RPA2;GINS4;HUS1;PLK4;UBR7;PRIM2;PHF5A;POP7;MKI67;UBE2T;LMNB1;SPAG5;RNASEH2A;RAD51AP1;SMC6;NOLC1;RRM2;GINS1;CDCA3;MMS22L;CHEK2;MXD3;MSH2;CCP110;KIF2C;POLD2;PLK1;DCK;CTPS1;BARD1;KIF18B;PNN;POLD1;CENPE;PTTG1;NCAPD2;CIT;CDC25B;HMMR;TACC3;PPM1D;MCM6;BIRC5;SMC1A;DEK;ORC6;LIG1;GINS3;SPC25;E2F8;UNG;CNOT9;CDCA8;MCM3;SLBP,negative
T47D,REPOP_vs_CTR,MSigDB_Hallmark_2020,Myc Targets V2,-0.9098370582957443,-1.2901775116510448,0.0,0.007427409270176307,0.022,53/58,7.93%,NPM1;HSPD1;NOP56;WDR43;PES1;MYC;SRM;IPO4;NIP7;MPHOSPH10;CDK4;AIMP2;PUS1;NOP16;WDR74;MCM4;UTP20;PA2G4;PPRC1;NDUFAF4;MRTO4;IMP4;RRP12;PRMT3;MCM5;TMEM97;PHB;EXOSC5;BYSL;PPAN;LAS1L;SUPV3L1;GNL3;DCTPP1;CBX3;SLC29A2;TFB2M;PLK4;RABEPK;NOLC1;DDX18;RRP9;MYBBP1A;PLK1;TCOF1;RCL1;FARSA;GRWD1;HSPE1;SLC19A1;UNG;NOC4L;SORD,negative
T47D,REPOP_vs_CTR,MSigDB_Hallmark_2020,G2-M Checkpoint,-0.8437034984214992,-1.2648487933143255,0.0,0.031001360432040236,0.119,148/200,8.34%,SLC7A5;H2AZ1;HMGN2;RAD23B;SYNCRIP;G3BP1;HNRNPU;NCL;MCM2;DDX39A;TRA2B;TMPO;GINS2;SMC4;STMN1;XPO1;SLC7A1;HNRNPD;CKS1B;CBX1;MYC;KPNB1;LBR;H2AX;RAD21;CDK4;ODC1;NASP;DTYMK;KPNA2;ILF3;SMC2;AMD1;SLC38A1;MAD2L1;KNL1;JPT1;TPX2;SFPQ;STAG1;TFDP1;PRMT5;CHEK1;GSPT1;KIF11;HIF1A;DKC1;SRSF2;AURKB;EZH2;RACGAP1;CDKN3;NSD2;TTK;KIF23;H2AZ2;NUP98;CTCF;POLA2;MCM5;FBXO5;PBK;MAP3K20;DR1;KIF15;CCNA2;CCNB2;RASAL2;PDS5B;SRSF10;EWSR1;SAP30;ESPL1;KIF4A;CDKN1B;MYBL2;RBM14;SUV39H1;RBL1;BRCA2;KIF22;DBF4;CDC6;CDK1;SRSF1;SS18;CDC20;CENPF;EXO1;POLE;UCK2;CUL4A;NUSAP1;RPA2;HUS1;PRC1;PLK4;PRIM2;CDC27;CHAF1A;MKI67;UBE2C;STIL;LMNB1;BUB3;POLQ;CDC45;NDC80;CUL3;NOLC1;SNRPD1;E2F4;CCNF;KIF2C;NEK2;PLK1;BARD1;ORC5;CENPE;ARID4A;PTTG1;CHMP1A;CUL1;KIF20B;PRPF4B;CDC25B;KATNA1;HMMR;ODF2;BUB1;TACC3;WRN;PAFAH1B1;MCM6;BIRC5;SMC1A;NOTCH2;TROAP;ORC6;CDC7;YTHDC1;ABL1;NUP50;CENPA;CUL5;E2F1;MCM3;TLE3,negative
T47D,REPOP_vs_TIS,MSigDB_Hallmark_2020,E2F Targets,0.9042982738253613,1.4399246238692656,0.0,0.0,0.0,160/200,4.27%,CBX5;SNRPB;H2AZ1;DEK;STMN1;SSRP1;RBBP7;HMGB2;MTHFD2;PTTG1;PCNA;ANP32E;TUBB;TMPO;PRKDC;PA2G4;HELLS;CKS1B;RAN;BIRC5;GINS1;MKI67;SMC4;CHEK1;PAICS;NAP1L1;SMC1A;TK1;MCM3;NOLC1;LMNB1;UBE2T;RRM2;HMMR;TOP2A;RAD21;IPO7;DUT;POLD2;RACGAP1;TIMELESS;PSIP1;MCM6;ATAD2;DIAPH3;TUBG1;MCM7;TRA2B;ILF3;XRCC6;HMGB3;MYBL2;HNRNPD;CDKN3;KIF22;MELK;TFRC;CDC20;DLGAP5;CSE1L;DNMT1;SPAG5;DDX39A;MAD2L1;MCM2;SRSF2;TACC3;RPA3;NCAPD2;RFC2;PLK1;CKS2;RPA1;HMGA1;BRCA1;EXOSC8;ESPL1;AURKA;CDCA8;USP1;UNG;POLD3;UBE2S;CCNB2;CDK1;MCM4;PRDX4;MRE11;RANBP1;TRIP13;H2AX;NUDT21;NUP107;BUB1B;MYC;KIF4A;GINS4;KIF2C;NASP;SPC24;EZH2;AURKB;CIT;ORC6;DEPDC1;CENPE;SPC25;RFC1;SMC3;RFC3;CDKN2C;SMC6;SRSF1;BARD1;TCF19;MSH2;NBN;CCP110;UBR7;LIG1;NUP205;PDS5B;BRCA2;NAA38;NME1;LBR;CHEK2;TP53;SHMT1;RNASEH2A;TBRG4;PMS2;RAD51C;MLH1;SLBP;SUV39H1;MXD3;ASF1B;PSMC3IP;KPNA2;POLE;CTPS1;SYNCRIP;CNOT9;DONSON;AK2;STAG1;CDC25A;CDC25B;PHF5A;MMS22L;WDR90;RPA2;DSCC1;MCM5;RAD1;GSPT1;EIF2S1;KIF18B;RAD51AP1,positive
T47D,REPOP_vs_TIS,MSigDB_Hallmark_2020,Myc Targets V1,0.8877365149027644,1.4227412836724922,0.0,0.0,0.0,159/200,6.77%,RPLP0;RPS6;PPIA;RACK1;RPS2;RPS3;HNRNPA2B1;LDHA;H2AZ1;HNRNPA1;DEK;RPL6;RRM1;SET;RPL14;PCNA;PA2G4;RAN;RPL18;RPS10;SNRPA1;SLC25A3;HNRNPR;RPL22;CCNA2;RPS5;CYC1;CCT5;NAP1L1;PRDX3;EIF4H;NOLC1;TYMS;RFC4;SRSF7;PTGES3;DUT;POLD2;MCM6;CBX3;MCM7;SRSF3;TRA2B;XRCC6;VDAC1;HNRNPD;YWHAE;CCT7;EPRS1;CDK2;SERBP1;CDC20;HNRNPU;TFDP1;GLO1;PRPS2;HNRNPC;MAD2L1;MCM2;SMARCC1;SRSF2;SNRPA;HSPD1;PCBP1;CCT4;PGK1;VDAC3;XPOT;USP1;FBL;ACP1;HDDC2;MCM4;PRDX4;RANBP1;IARS1;RUVBL2;MYC;TRIM28;UBA2;EIF1AX;EEF1B2;DHX15;EIF4E;PABPC4;SRSF1;LSM2;ABCE1;IMPDH2;SRPK1;PHB2;COX5A;PSMB2;YWHAQ;PSMA2;PSMA1;SNRPD1;NME1;PSMB3;TXNL4A;POLE3;C1QBP;ILF2;RNPS1;VBP1;SNRPD2;HNRNPA3;TUFM;KPNA2;CTPS1;SYNCRIP;MRPL9;TCP1;PSMC6;SNRPB2;EIF3D;RSL1D1;AP3S1;EXOSC7;SF3B3;CCT2;PHB;SNRPG;EIF2S2;SF3A1;SSB;MCM5;MRPL23;GSPT1;EIF2S1;TARDBP;NDUFAB1;PSMA7;KARS1;ERH;GOT2;CUL1;PSMD14;CLNS1A;EIF3B;HPRT1;SNRPD3;PSMC4;PSMD8;CDC45;NHP2;CSTF2;G3BP1;LSM7;UBE2E1;CAD;CCT3;NCBP1;PRPF31;PSMA4;CNBP;NOP16;UBE2L3;PSMD1,positive
T47D,REPOP_vs_TIS,MSigDB_Hallmark_2020,G2-M Checkpoint,0.856645916480157,1.3817845278947407,0.0,0.0,0.0,146/200,6.68%,H2AZ1;HMGN2;STMN1;PTTG1;TMPO;SMC2;CKS1B;CCND1;BIRC5;MKI67;SMC4;CCNA2;CENPF;CHEK1;SMC1A;MCM3;NOLC1;LMNB1;PRC1;HMMR;TOP2A;RAD21;KIF11;RACGAP1;MCM6;H2AZ2;NSD2;TRA2B;ILF3;HMGB3;MYBL2;HNRNPD;CDKN3;KIF22;UCK2;PBK;CDC20;HNRNPU;TFDP1;DDX39A;MAD2L1;MCM2;SMARCC1;SRSF2;KIF20B;TACC3;SRSF10;PLK1;CKS2;AMD1;TPX2;HMGA1;KNL1;ESPL1;AURKA;DTYMK;UBE2S;CCNB2;DBF4;CDK1;NDC80;KIF15;UBE2C;KIF23;LIG3;H2AX;MYC;NEK2;KIF4A;KIF2C;NASP;EZH2;AURKB;ORC6;CCNF;CENPE;BUB1;CDKN2C;KMT5A;ODF2;CDC27;TTK;SFPQ;SRSF1;SLC7A1;BARD1;CBX1;CDC6;CASP8AP2;MAP3K20;TROAP;PDS5B;CHAF1A;FBXO5;BRCA2;SNRPD1;LBR;INCENP;KIF5B;GINS2;MT2A;CUL3;TNPO2;DKC1;NUSAP1;SUV39H1;E2F1;NOTCH2;KPNA2;POLE;SYNCRIP;NUP50;MNAT1;STAG1;CDC25A;CDC25B;CENPA;EXO1;RPA2;STIL;PRMT5;MCM5;GSPT1;CUL4A;FOXN3;MTF2;CCNT1;TENT4A;CUL1;PAFAH1B1;EWSR1;PLK4;RBL1;EFNA5;SAP30;PRIM2;CDKN1B;NUP98;CUL5;POLA2;CDC45;G3BP1;ABL1;RBM14;CDC7;FANCC,positive
T47D,REPOP_vs_TIS,MSigDB_Hallmark_2020,Interferon Gamma Response,-0.7998003757769465,-1.7345308725392592,0.0,0.0,0.0,86/200,2.85%,IFI27;HLA-B;IFIT1;B2M;MX1;BST2;ISG15;HLA-A;STAT1;BTG1;OAS3;OAS2;XAF1;PARP14;UBE2L6;ZNFX1;IFIT3;IFI35;LGALS3BP;ADAR;SP110;DDX58;IFIH1;TNFSF10;EIF2AK2;HELZ2;IFITM3;HERC6;PSMB8;VAMP8;STAT3;DDX60;PLSCR1;IFIT2;SAMHD1;PSMB9;IRF9;PSME2;NFKBIA;RBCK1;TXNIP;OASL;DHX58;CDKN1A;IFI44;CASP4;IRF7;APOL6;USP18;OGFR;CASP8;TAP1;HLA-DMA;STAT2;ARID5B;SAMD9L;TRIM26;CD74;PML;HIF1A;MVP;MYD88;ISG20;RNF213;PTPN1;RSAD2;TDRD7;EPSTI1;NMI;IRF1;TRIM21;IFI44L;PARP12;LAP3;BATF2;BANK1;SECTM1;HLA-DRB1;NLRC5;ICAM1;PSME1;CFB;GBP4;PNPT1;RTP4;CFH,negative
T47D,REPOP_vs_TIS,MSigDB_Hallmark_2020,Interferon Alpha Response,-0.8917956647558277,-1.8062885699936808,0.0,0.0,0.0,70/97,3.06%,IFI27;B2M;MX1;BST2;ISG15;OAS1;PARP9;HLA-C;PARP14;UBE2L6;IFIT3;IFI35;LGALS3BP;SAMD9;ADAR;SP110;IFIH1;EIF2AK2;HELZ2;IFITM3;HERC6;PSMB8;DDX60;PLSCR1;IFIT2;PSMB9;IRF9;PSME2;TXNIP;GBP2;OASL;DHX58;CD47;IFI44;IRF7;USP18;OGFR;CASP8;TAP1;CNP;STAT2;LAMP3;SAMD9L;TRIM26;CD74;ELF1;ISG20;RSAD2;TDRD7;TMEM140;EPSTI1;NMI;IRF1;TRIM21;IFI44L;PARP12;LAP3;BATF2;TENT5A;TRIM5;UBA7;NUB1;PSME1;IFITM1;GBP4;PNPT1;RTP4;GMPR;CASP1;CMPK2,negative
T47D,REPOP_vs_TIS,Reactome_2022,Immunoregulatory Interactions Between A Lymphoid And A non-Lymphoid Cell R-HSA-198933,-0.7968386619465914,-1.6703465610436437,0.0,0.021002400274317063,0.035,12/117,3.26%,HLA-B;B2M;HLA-A;HLA-C;HLA-E;HLA-F;NPDC1;CXADR;ICAM1;IFITM1;PVR;ULBP3,negative
T47D,REPOP_vs_TIS,Reactome_2022,Interferon Alpha/Beta Signaling R-HSA-909733,-0.9000880306764587,-1.6880913063033676,0.0,0.025002857469425075,0.021,35/72,1.68%,IFI6;IFI27;HLA-B;IFIT1;MX1;BST2;ISG15;HLA-A;STAT1;OAS1;OAS3;HLA-C;OAS2;XAF1;IFIT3;IFI35;HLA-E;ADAR;HLA-F;IFITM3;PSMB8;IFIT2;SAMHD1;IRF9;GBP2;OASL;IFIT5;IRF7;USP18;STAT2;ISG20;PTPN1;RSAD2;IRF1;IFNAR1,negative
T47D,TIS_vs_CTR,MSigDB_Hallmark_2020,Interferon Alpha Response,0.8852623659417477,1.8478729943046999,0.0,0.0,0.0,68/97,2.55%,IFI27;B2M;MX1;BST2;ISG15;OAS1;PARP9;HLA-C;PARP14;UBE2L6;LGALS3BP;IFIT3;IFI35;SAMD9;ADAR;PSMB8;SP110;IFIH1;HELZ2;IFITM3;TXNIP;EIF2AK2;HERC6;DDX60;IFIT2;IRF9;PLSCR1;DHX58;PSMB9;GBP2;OASL;PSME2;CD47;IFI44;TAP1;IRF7;CNP;USP18;OGFR;CD74;SAMD9L;LAMP3;STAT2;CASP8;ISG20;PSME1;IRF1;ELF1;RSAD2;TMEM140;EPSTI1;TDRD7;NMI;IFI44L;TENT5A;TRIM21;TRIM26;PROCR;BATF2;TRIM5;UBA7;PARP12;IFITM1;GBP4;RTP4;CASP1;CMPK2;GMPR,positive
T47D,TIS_vs_CTR,MSigDB_Hallmark_2020,G2-M Checkpoint,-0.881399016269236,-1.289387052404982,0.0,0.0,0.0,159/200,7.05%,H2AZ1;HMGN2;STMN1;TMPO;CKS1B;SMC4;SMC2;PTTG1;CHEK1;HNRNPU;TRA2B;DDX39A;MCM2;CCNA2;RAD21;MKI67;BIRC5;HNRNPD;CENPF;KIF11;PRC1;LMNB1;RACGAP1;ILF3;NSD2;NOLC1;SMC1A;H2AZ2;TFDP1;CDKN3;MAD2L1;MCM3;AMD1;SLC7A5;DTYMK;PBK;MYBL2;HMMR;UCK2;KIF22;MYC;KNL1;SRSF2;SLC7A1;TPX2;SYNCRIP;H2AX;CDC20;MCM6;NASP;GINS2;CBX1;SRSF10;KIF23;CCNB2;KIF15;TOP2A;ESPL1;EZH2;AURKB;DBF4;SFPQ;LBR;KIF20B;CDK1;TACC3;HMGB3;TTK;KIF4A;NDC80;PLK1;CCND1;UBE2C;G3BP1;MAP3K20;SMARCC1;SRSF1;KPNA2;KIF2C;NEK2;CDC27;FBXO5;PDS5B;LIG3;CCNF;CDC6;DKC1;CENPE;UBE2S;BRCA2;CKS2;BUB1;ODF2;ORC6;STAG1;BARD1;CHAF1A;AURKA;SUV39H1;SNRPD1;CDKN2C;KMT5A;PRMT5;NUSAP1;POLE;CUL3;TROAP;GSPT1;MCM5;XPO1;CASP8AP2;INCENP;EXO1;NOTCH2;RPA2;CUL4A;NCL;NUP98;NUP50;E2F1;EWSR1;POLA2;CDC25B;STIL;RBL1;SAP30;KIF5B;MNAT1;CDKN1B;TNPO2;CENPA;PLK4;RBM14;CDC25A;PRIM2;CUL1;PAFAH1B1;CDK4;CDC45;KPNB1;HMGA1;CTCF;DR1;FOXN3;CHMP1A;CUL5;HUS1;ABL1;RASAL2;TENT4A;POLQ;ODC1;MTF2;CDC7;WRN;SS18;BUB3;CCNT1;KATNA1,negative
T47D,TIS_vs_CTR,MSigDB_Hallmark_2020,Myc Targets V1,-0.9106927270694027,-1.33256536161181,0.0,0.0,0.0,178/200,6.97%,RPS2;RPLP0;RPS3;RPS6;PPIA;HNRNPA2B1;RPL6;H2AZ1;RACK1;HNRNPA1;LDHA;RAN;EPRS1;RPL14;SET;CCT5;RRM1;DEK;XPOT;RPS10;NAP1L1;RPS5;HSPD1;EIF4H;PCNA;SLC25A3;PA2G4;SRSF3;PTGES3;NME1;SRSF7;HNRNPC;NPM1;IARS1;HNRNPU;RPL22;TRA2B;TYMS;RPL18;MCM2;CCNA2;XRCC6;HNRNPR;RFC4;CYC1;DUT;EEF1B2;HNRNPD;FBL;PRDX3;PRDX4;HNRNPA3;PGK1;EIF2S2;NOLC1;YWHAE;TFDP1;SNRPA;MAD2L1;MCM7;GLO1;SERBP1;POLD2;CCT7;CBX3;MYC;SRSF2;SYNCRIP;SNRPA1;CCT4;ABCE1;ACP1;CDC20;EIF1AX;MCM4;USP1;MCM6;PCBP1;PABPC4;IMPDH2;VDAC3;DHX15;RANBP1;ILF2;PSMA2;C1QBP;RSL1D1;UBA2;TRIM28;TCP1;RUVBL2;PSMB3;PHB2;CDK2;EIF4E;PSMC6;HDDC2;PSMB2;PRPS2;G3BP1;SMARCC1;CCT2;SRSF1;KPNA2;EIF2S1;YWHAQ;CCT3;TOMM70;PSMA7;EIF4G2;PSMA1;CLNS1A;SRPK1;MRPL9;LSM2;SNRPD1;TARDBP;SF3B3;EIF3D;KARS1;TUFM;GSPT1;VBP1;MCM5;XPO1;RNPS1;CNBP;EIF3B;HPRT1;NDUFAB1;VDAC1;CTPS1;PHB;UBE2E1;TXNL4A;MRPL23;NCBP1;PSMD14;NOP16;SSB;POLE3;PABPC1;EXOSC7;PSMC4;COX5A;AIMP2;DDX21;SNRPB2;SRM;APEX1;SNRPD3;ERH;PRPF31;HDAC2;NHP2;SF3A1;CUL1;AP3S1;CSTF2;CDK4;PSMD8;NOP56;CDC45;GOT2;ORC2;KPNB1;MRPS18B;LSM7;SSBP1;PSMD1;PSMA4;ODC1;ETF1;GNL3;SNRPG;STARD7;FAM120A;BUB3,negative
T47D,TIS_vs_CTR,MSigDB_Hallmark_2020,E2F Targets,-0.922014007591655,-1.3431271719412576,0.0,0.0,0.0,184/200,5.46%,TFRC;CBX5;H2AZ1;SNRPB;RAN;STMN1;MTHFD2;SSRP1;TUBB;PRKDC;TMPO;DEK;CKS1B;PAICS;NAP1L1;SMC4;ANP32E;PCNA;HMGB2;PA2G4;HELLS;TK1;NME1;PTTG1;CHEK1;TRA2B;DDX39A;MCM2;XRCC6;RAD21;TIMELESS;IPO7;GINS1;MKI67;DUT;CSE1L;BIRC5;HNRNPD;DIAPH3;PRDX4;LMNB1;RACGAP1;ILF3;UBE2T;NOLC1;SMC1A;RBBP7;CDKN3;MAD2L1;RRM2;MCM3;MCM7;ATAD2;PSIP1;MYBL2;MELK;HMMR;POLD2;KIF22;MYC;EXOSC8;SRSF2;SYNCRIP;H2AX;RPA3;NBN;TRIP13;CDC20;MCM4;MLH1;USP1;SMC3;DLGAP5;MCM6;NASP;NUP107;RFC2;RPA1;SPAG5;RFC3;RANBP1;CCNB2;TP53;TOP2A;MRE11;BRCA1;ESPL1;EZH2;AURKB;NCAPD2;NUDT21;LBR;CDK1;BUB1B;TACC3;HMGB3;KIF4A;PLK1;DNMT1;SPC24;DEPDC1;GINS4;TUBG1;UNG;RAD51C;CDCA8;SRSF1;KPNA2;SHMT1;KIF2C;POLD3;EIF2S1;PDS5B;TCF19;CIT;SMC6;CENPE;UBE2S;NUP205;BRCA2;CKS2;ORC6;STAG1;UBR7;BARD1;MSH2;SPC25;CCP110;AURKA;RFC1;AK2;SUV39H1;CDKN2C;CHEK2;POLE;RNASEH2A;LIG1;DONSON;GSPT1;DSCC1;WEE1;MCM5;CENPM;XPO1;MXD3;CDKN2A;CTPS1;PHF5A;RAD1;SLBP;RPA2;PMS2;MMS22L;NAA38;CNOT9;TBRG4;POLA2;ZW10;ASF1B;CDC25B;PSMC3IP;NUP153;RAD51AP1;CDKN1B;PLK4;KIF18B;CDC25A;PRIM2;DCK;WDR90;POP7;CDK4;PPP1R8;TIPIN;BRMS1L;NOP56;ING3;POLD1;ORC2;DCTPP1;HMGA1;CTCF;CDCA3;EED,negative
T47D,TIS_vs_CTR,MSigDB_Hallmark_2020,Interferon Gamma Response,0.7513188385454468,1.7483872207623594,0.0,0.0034158838599487617,0.001,86/200,2.47%,HLA-B;IFI27;B2M;IFIT1;MX1;BST2;ISG15;HLA-A;STAT1;OAS2;XAF1;OAS3;PARP14;ZNFX1;UBE2L6;LGALS3BP;IFIT3;BTG1;IFI35;ADAR;CDKN1A;DDX58;TNFSF10;PSMB8;SP110;IFIH1;HELZ2;IFITM3;TXNIP;VAMP8;EIF2AK2;STAT3;HERC6;DDX60;IFIT2;IRF9;NFKBIA;PLSCR1;DHX58;PSMB9;OASL;PSME2;SAMHD1;IFI44;RNF213;TAP1;IRF7;USP18;APOL6;OGFR;CASP4;CD74;RBCK1;MVP;SAMD9L;PTPN1;PML;STAT2;HLA-DMA;TAPBP;MYD88;CASP8;ISG20;PSME1;HLA-DRB1;IRF1;RSAD2;EPSTI1;TDRD7;NMI;IFI44L;SECTM1;TRIM21;TRIM26;BATF2;ICAM1;PARP12;CFB;GBP4;BANK1;CD40;NLRC5;CFH;RTP4;CASP1;CMPK2,positive
T47D,TIS_vs_CTR,Reactome_2022,Interferon Alpha/Beta Signaling R-HSA-909733,0.8823829353486291,1.788297408957797,0.0,0.007067088940213258,0.002,34/72,1.32%,IFI6;HLA-B;IFI27;IFIT1;MX1;BST2;ISG15;HLA-A;HLA-E;STAT1;OAS1;OAS2;XAF1;HLA-C;OAS3;IFIT3;IFI35;ADAR;HLA-F;PSMB8;IFITM3;IFIT2;IRF9;GBP2;OASL;SAMHD1;IFIT5;IRF7;USP18;PTPN1;STAT2;ISG20;IRF1;RSAD2,positive
T47D,TIS_vs_CTR,Reactome_2022,Immunoregulatory Interactions Between A Lymphoid And A non-Lymphoid Cell R-HSA-198933,0.7888504047812661,1.7135384136053442,0.0,0.018677306484849325,0.029,11/117,2.27%,HLA-B;B2M;HLA-A;HLA-E;HLA-C;NPDC1;HLA-F;CD81;ICAM1;IFITM1;CD40,positive
